"Source URL","Target URL","Anchor","Context","Plaats","Source type","Target type","Actie"
"/aankoopmakelaar","/compromis-verkoop-huis","compromis","- Het bod en de [compromis](/compromis-verkoop-huis) opvolgen tot de akte","intro","support","child","houden"
"/aankoopmakelaar","/kosten-vastgoedmakelaar","kosten van een verkoopmakelaar",". Vraag daarom vooraf een offerte en vergelijk, net zoals je de [kosten van een verkoopmakelaar](/kosten-vastgoedmakelaar) zou vergelijken.","einde","support","money","houden"
"/alleenstaande-huis-kopen","/notariskosten-verkoop-huis","notariskosten verkoop huis",". Meer detail vind je op [notariskosten verkoop huis](/notariskosten-verkoop-huis).","midden","support","child","houden"
"/alleenstaande-huis-kopen","/registratierechten/tweede-woning","registratierechten tweede woning",". Zie ook [registratierechten tweede woning](/registratierechten/tweede-woning).","midden","support","child","houden"
"/alleenstaande-huis-kopen","/huis-verkopen-verplichtingen","huis verkopen verplichtingen",". Meer lees je op [huis verkopen verplichtingen](/huis-verkopen-verplichtingen).","midden","support","hub","houden"
"/alleenstaande-huis-kopen","/bieden-op-een-huis","bieden op een huis","Wil je zeker zijn voor je een bod doet, lees dan hoe [bieden op een huis](/bieden-op-een-huis) juridisch werkt en welke [opschortende voorwaarde](/opschortende-voorwaarde) je kan opnemen.","midden","support","child","houden"
"/alleenstaande-huis-kopen","/opschortende-voorwaarde","opschortende voorwaarde","Wil je zeker zijn voor je een bod doet, lees dan hoe [bieden op een huis](/bieden-op-een-huis) juridisch werkt en welke [opschortende voorwaarde](/opschortende-voorwaarde) je kan opnemen.","midden","support","child","houden"
"/alleenstaande-huis-kopen","/kosten-vastgoedmakelaar","kosten van een vastgoedmakelaar",". Meer over de [kosten van een vastgoedmakelaar](/kosten-vastgoedmakelaar).","einde","support","money","houden"
"/appartement-verkopen","/huis-laten-schatten","schatten",". Laat het appartement [schatten](/huis-laten-schatten) en bepaal een realistische vraagprijs.","intro","money","money","houden"
"/appartement-verkopen","/woning-verkopen","een woning verkopen","Dit is een appartementspecifieke aanvulling op het algemene stappenplan voor [een woning verkopen](/woning-verkopen).","intro","money","money","houden"
"/appartement-verkopen","/huis-verkopen-verplichtingen","verplichtingen voor woningverkoop","Een volledig overzicht van de algemene attesten staat bij de [verplichtingen voor woningverkoop](/huis-verkopen-verplichtingen).","midden","money","hub","houden"
"/appartement-verkopen","/asbestattest/appartement","asbestattest voor het appartement","Bij een gebouw met bouwjaar 2000 of vroeger kan een [asbestattest voor het appartement](/asbestattest/appartement) verplicht zijn.","midden","money","child","houden"
"/appartement-verkopen","/syndicus","syndicus","De [syndicus](/syndicus) beheert de gemeenschappelijke delen en fondsen namens de VME.","midden","money","child","houden"
"/appartement-verkopen","/compromis-verkoop-huis","verkoopcompromis","Laat een bod of [verkoopcompromis](/compromis-verkoop-huis) vóór ondertekening controleren.","midden","money","child","houden"
"/appartement-verkopen","/kosten-verkoop-huis","kosten bij woningverkoop",". De pagina over [kosten bij woningverkoop](/kosten-verkoop-huis) bundelt de algemene posten.","midden","money","child","houden"
"/appartement-verkopen","/kosten-vastgoedmakelaar","kosten van een vastgoedmakelaar",". Voor makelaarsvoorstellen helpt het overzicht van de [kosten van een vastgoedmakelaar](/kosten-vastgoedmakelaar) om percentage, vast bedrag en inbegrepen diensten op dezelfde basis te beoordelen.","midden","money","money","houden"
"/appartement-verkopen","/huis-verkopen-zonder-makelaar","verkopen zonder makelaar","Wie zelf verkoopt, vindt een uitgebreid proces bij [verkopen zonder makelaar](/huis-verkopen-zonder-makelaar).","einde","money","child","houden"
"/appartement-verkopen","/huis-verkopen-met-makelaar","verkopen met een vastgoedmakelaar",". Wie begeleiding overweegt, kan [verkopen met een vastgoedmakelaar](/huis-verkopen-met-makelaar) en meerdere voorstellen vergelijken.","einde","money","child","houden"
"/asbestattest/antwerpen","/huis-verkopen-verplichtingen","huis verkopen verplichtingen",". Een overzicht vind je op de pagina [huis verkopen verplichtingen](/huis-verkopen-verplichtingen).","einde","support","hub","houden"
"/asbestattest/antwerpen","/asbestattest/goedkoop","asbestattest goedkoop",". Voor de kosten van een attest lees je [asbestattest goedkoop](/asbestattest/goedkoop), en voor de aanvraag [asbestattest laten opmaken](/asbestattest/laten-opmaken).","einde","support","child","houden"
"/asbestattest/antwerpen","/asbestattest/laten-opmaken","asbestattest laten opmaken",". Voor de kosten van een attest lees je [asbestattest goedkoop](/asbestattest/goedkoop), en voor de aanvraag [asbestattest laten opmaken](/asbestattest/laten-opmaken).","einde","support","child","houden"
"/asbestattest/appartement","/huis-verkopen-verplichtingen/asbestattest/gemeenschappelijke-delen","asbestattest gemeenschappelijke delen",". Meer daarover lees je op de pagina over de [asbestattest gemeenschappelijke delen](/huis-verkopen-verplichtingen/asbestattest/gemeenschappelijke-delen).","midden","support","child","houden"
"/asbestattest/appartement","/huis-verkopen-verplichtingen","verplichtingen bij verkoop van een huis","Een volledig overzicht vind je op de pagina over de [verplichtingen bij verkoop van een huis](/huis-verkopen-verplichtingen).","einde","support","hub","houden"
"/asbestattest/appartement","/kosten-vastgoedmakelaar","kosten van een vastgoedmakelaar",". Meer over de kosten lees je op de pagina over de [kosten van een vastgoedmakelaar](/kosten-vastgoedmakelaar).","einde","support","money","houden"
"/asbestattest/asbestinventaris","/asbestattest","asbestattest","Een asbestinventaris is de technische opname van alle asbesthoudende materialen in een gebouw en vormt de basis waarop OVAM het officiële [asbestattest](/asbestattest) genereert.","intro","support","child","houden"
"/asbestattest/asbestinventaris/verplicht","/asbestattest/appartement","asbestattest voor een appartement",". Meer daarover lees je op [asbestattest voor een appartement](/asbestattest/appartement).","midden","support","child","houden"
"/asbestattest/asbestinventaris/verplicht","/asbestattest/laten-opmaken","asbestattest laten opmaken",". Wil je het attest laten regelen, lees dan [asbestattest laten opmaken](/asbestattest/laten-opmaken).","midden","support","child","houden"
"/asbestattest/asbestinventaris/verplicht","/asbestattest/goedkoop","prijs van het asbestattest",". Meer detail lees je op [prijs van het asbestattest](/asbestattest/goedkoop).","midden","support","child","houden"
"/asbestattest/asbestkeuring","/huis-verkopen-verplichtingen","huis verkopen verplichtingen","Meer over de volledige lijst lees je op [huis verkopen verplichtingen](/huis-verkopen-verplichtingen) en specifiek over dit attest op [asbestattest bij verkoop](/huis-verkopen-verplichtingen/asbestattest).","midden","support","hub","houden"
"/asbestattest/asbestkeuring","/huis-verkopen-verplichtingen/asbestattest","asbestattest bij verkoop","Meer over de volledige lijst lees je op [huis verkopen verplichtingen](/huis-verkopen-verplichtingen) en specifiek over dit attest op [asbestattest bij verkoop](/huis-verkopen-verplichtingen/asbestattest).","midden","support","child","houden"
"/asbestattest/asbestkeuring","/asbestattest/renovatie","asbestattest renovatie","Meer over dit onderwerp lees je op [asbestattest renovatie](/asbestattest/renovatie) en [asbestsanering](/asbestattest/asbestsanering).","einde","support","child","houden"
"/asbestattest/asbestkeuring","/asbestattest/asbestsanering","asbestsanering","Meer over dit onderwerp lees je op [asbestattest renovatie](/asbestattest/renovatie) en [asbestsanering](/asbestattest/asbestsanering).","einde","support","child","houden"
"/asbestattest/bij-schenking","/asbestattest/bij-erfenis","asbestattest na een erfenis",". Meer over dat onderscheid lees je bij het [asbestattest na een erfenis](/asbestattest/bij-erfenis).","intro","support","child","houden"
"/asbestattest/bij-schenking","/asbestattest/laten-opmaken","asbestattest laten opmaken","De volledige onderzoeksmethode staat in de gids over een [asbestattest laten opmaken](/asbestattest/laten-opmaken).","midden","support","child","houden"
"/asbestattest/bij-schenking","/asbestattest/geldigheid","geldigheid van het asbestattest","De precieze uitzonderingen staan op de pagina over de [geldigheid van het asbestattest](/asbestattest/geldigheid).","einde","support","child","houden"
"/asbestattest/brugge","/asbestattest","asbestattest","Meer lezen over het [asbestattest](/asbestattest), het [asbestattest laten opmaken](/asbestattest/laten-opmaken) of een [goedkoop asbestattest](/asbestattest/goedkoop).","einde","support","child","houden"
"/asbestattest/brugge","/asbestattest/laten-opmaken","asbestattest laten opmaken","Meer lezen over het [asbestattest](/asbestattest), het [asbestattest laten opmaken](/asbestattest/laten-opmaken) of een [goedkoop asbestattest](/asbestattest/goedkoop).","einde","support","child","houden"
"/asbestattest/brugge","/asbestattest/goedkoop","goedkoop asbestattest","Meer lezen over het [asbestattest](/asbestattest), het [asbestattest laten opmaken](/asbestattest/laten-opmaken) of een [goedkoop asbestattest](/asbestattest/goedkoop).","einde","support","child","houden"
"/asbestattest/brugge","/asbestattest/west-vlaanderen","West-Vlaanderen",". Bekijk ook de regio [West-Vlaanderen](/asbestattest/west-vlaanderen).","einde","support","child","houden"
"/asbestattest/compromis","/huis-verkopen-verplichtingen/asbestattest/prijs","asbestattest prijs",". Meer detail vind je op de pagina [asbestattest prijs](/huis-verkopen-verplichtingen/asbestattest/prijs).","midden","support","child","houden"
"/asbestattest/compromis","/asbestattest/appartement","asbestattest appartement",". Meer uitleg staat op de pagina [asbestattest appartement](/asbestattest/appartement) en [asbestattest gemeenschappelijke delen](/huis-verkopen-verplichtingen/asbestattest/gemeenschappelijke-delen).","midden","support","child","houden"
"/asbestattest/compromis","/huis-verkopen-verplichtingen/asbestattest/gemeenschappelijke-delen","asbestattest gemeenschappelijke delen",". Meer uitleg staat op de pagina [asbestattest appartement](/asbestattest/appartement) en [asbestattest gemeenschappelijke delen](/huis-verkopen-verplichtingen/asbestattest/gemeenschappelijke-delen).","midden","support","child","houden"
"/asbestattest/compromis","/huis-verkopen-verplichtingen","huis verkopen verplichtingen","Een volledig overzicht vind je op de pagina [huis verkopen verplichtingen](/huis-verkopen-verplichtingen).","midden","support","hub","houden"
"/asbestattest/compromis","/huis-verkopen-met-makelaar","huis verkopen met makelaar",". Meer over de begeleiding en kosten lees je op [huis verkopen met makelaar](/huis-verkopen-met-makelaar) en [kosten vastgoedmakelaar](/kosten-vastgoedmakelaar).","einde","support","child","houden"
"/asbestattest/compromis","/kosten-vastgoedmakelaar","kosten vastgoedmakelaar",". Meer over de begeleiding en kosten lees je op [huis verkopen met makelaar](/huis-verkopen-met-makelaar) en [kosten vastgoedmakelaar](/kosten-vastgoedmakelaar).","einde","support","money","houden"
"/asbestattest/compromis","/asbestattest/wetgeving","asbestattest wetgeving",". Meer achtergrond staat op de pagina [asbestattest wetgeving](/asbestattest/wetgeving).","einde","support","child","houden"
"/asbestattest/compromis","/opschortende-voorwaarde","opschortende voorwaarde",". Lees meer over de [opschortende voorwaarde](/opschortende-voorwaarde).","einde","support","child","houden"
"/asbestattest/dendermonde","/asbestattest/goedkoop","een goedkoop asbestattest","Meer lezen? Bekijk [een goedkoop asbestattest](/asbestattest/goedkoop), de [geldigheid van het asbestattest](/asbestattest/geldigheid) en de rol van de [notaris bij het asbestattest](/asbestattest/notaris).","einde","support","child","houden"
"/asbestattest/dendermonde","/asbestattest/geldigheid","geldigheid van het asbestattest","Meer lezen? Bekijk [een goedkoop asbestattest](/asbestattest/goedkoop), de [geldigheid van het asbestattest](/asbestattest/geldigheid) en de rol van de [notaris bij het asbestattest](/asbestattest/notaris).","einde","support","child","houden"
"/asbestattest/dendermonde","/asbestattest/notaris","notaris bij het asbestattest","Meer lezen? Bekijk [een goedkoop asbestattest](/asbestattest/goedkoop), de [geldigheid van het asbestattest](/asbestattest/geldigheid) en de rol van de [notaris bij het asbestattest](/asbestattest/notaris).","einde","support","child","houden"
"/asbestattest/garage","/asbestattest/verplicht","asbestattest verplicht","Meer weten? Bekijk ook wanneer een [asbestattest verplicht](/asbestattest/verplicht) is, hoe je een [goedkoop asbestattest](/asbestattest/goedkoop) vindt en hoe het attest werkt [bij verkoop](/huis-verkopen-verplichtingen/asbestattest).","einde","support","child","houden"
"/asbestattest/garage","/asbestattest/goedkoop","goedkoop asbestattest","Meer weten? Bekijk ook wanneer een [asbestattest verplicht](/asbestattest/verplicht) is, hoe je een [goedkoop asbestattest](/asbestattest/goedkoop) vindt en hoe het attest werkt [bij verkoop](/huis-verkopen-verplichtingen/asbestattest).","einde","support","child","houden"
"/asbestattest/garage","/huis-verkopen-verplichtingen/asbestattest","bij verkoop","Meer weten? Bekijk ook wanneer een [asbestattest verplicht](/asbestattest/verplicht) is, hoe je een [goedkoop asbestattest](/asbestattest/goedkoop) vindt en hoe het attest werkt [bij verkoop](/huis-verkopen-verplichtingen/asbestattest).","einde","support","child","houden"
"/asbestattest/geen","/huis-verkopen-verplichtingen/asbestattest/gemeenschappelijke-delen","asbestattest/gemeenschappelijke-delen","Meer daarover lees je op [asbestattest/gemeenschappelijke-delen](/huis-verkopen-verplichtingen/asbestattest/gemeenschappelijke-delen).","midden","support","child","houden"
"/asbestattest/geen","/huis-verkopen-verplichtingen","huis-verkopen-verplichtingen","Een volledig overzicht vind je op [huis-verkopen-verplichtingen](/huis-verkopen-verplichtingen).","einde","support","hub","houden"
"/asbestattest/geen","/huis-verkopen-verplichtingen/asbestattest","asbestattest bij verkoop","Meer weten? Lees ook hoe het [asbestattest bij verkoop](/huis-verkopen-verplichtingen/asbestattest) werkt, welke rol de [notaris](/asbestattest/notaris) heeft en hoe je een [goedkoop asbestattest](/asbestattest/goedkoop) vindt.","einde","support","child","houden"
"/asbestattest/geen","/asbestattest/notaris","notaris","Meer weten? Lees ook hoe het [asbestattest bij verkoop](/huis-verkopen-verplichtingen/asbestattest) werkt, welke rol de [notaris](/asbestattest/notaris) heeft en hoe je een [goedkoop asbestattest](/asbestattest/goedkoop) vindt.","einde","support","child","houden"
"/asbestattest/geen","/asbestattest/goedkoop","goedkoop asbestattest","Meer weten? Lees ook hoe het [asbestattest bij verkoop](/huis-verkopen-verplichtingen/asbestattest) werkt, welke rol de [notaris](/asbestattest/notaris) heeft en hoe je een [goedkoop asbestattest](/asbestattest/goedkoop) vindt.","einde","support","child","houden"
"/asbestattest/geldigheid","/huis-verkopen-verplichtingen/asbestattest","asbestattest bij verkoop","Meer over deze timing staat op de pagina over het [asbestattest bij verkoop](/huis-verkopen-verplichtingen/asbestattest).","midden","support","child","houden"
"/asbestattest/geldigheid","/asbestattest/renovatie","asbestattest bij renovatie",". De samenhang staat in de gids over het [asbestattest bij renovatie](/asbestattest/renovatie).","midden","support","child","houden"
"/asbestattest/gent","/asbestattest/laten-opmaken","asbestattest laat opmaken",". Lees ook hoe je een [asbestattest laat opmaken](/asbestattest/laten-opmaken), wat de [geldigheid](/asbestattest/geldigheid) inhoudt en hoe je een [goedkoop asbestattest](/asbestattest/goedkoop) vindt.","einde","support","child","houden"
"/asbestattest/gent","/asbestattest/geldigheid","geldigheid",". Lees ook hoe je een [asbestattest laat opmaken](/asbestattest/laten-opmaken), wat de [geldigheid](/asbestattest/geldigheid) inhoudt en hoe je een [goedkoop asbestattest](/asbestattest/goedkoop) vindt.","einde","support","child","houden"
"/asbestattest/gent","/asbestattest/goedkoop","goedkoop asbestattest",". Lees ook hoe je een [asbestattest laat opmaken](/asbestattest/laten-opmaken), wat de [geldigheid](/asbestattest/geldigheid) inhoudt en hoe je een [goedkoop asbestattest](/asbestattest/goedkoop) vindt.","einde","support","child","houden"
"/asbestattest/goedkoop","/huis-verkopen-verplichtingen","huis verkopen verplichtingen","Meer over de volledige lijst lees je op [huis verkopen verplichtingen](/huis-verkopen-verplichtingen) en specifiek over dit attest op [asbestattest bij verkoop](/huis-verkopen-verplichtingen/asbestattest).","einde","support","hub","houden"
"/asbestattest/goedkoop","/huis-verkopen-verplichtingen/asbestattest","asbestattest bij verkoop","Meer over de volledige lijst lees je op [huis verkopen verplichtingen](/huis-verkopen-verplichtingen) en specifiek over dit attest op [asbestattest bij verkoop](/huis-verkopen-verplichtingen/asbestattest).","einde","support","child","houden"
"/asbestattest/goedkoop","/asbestattest/verplicht","asbestattest verplicht",". Meer daarover lees je op [asbestattest verplicht](/asbestattest/verplicht) en [asbestattest notaris](/asbestattest/notaris).","einde","support","child","houden"
"/asbestattest/goedkoop","/asbestattest/notaris","asbestattest notaris",". Meer daarover lees je op [asbestattest verplicht](/asbestattest/verplicht) en [asbestattest notaris](/asbestattest/notaris).","einde","support","child","houden"
"/asbestattest/hasselt","/asbestattest/wie-betaalt","wie het asbestattest betaalt",". Meer hierover lees je op de pagina over [wie het asbestattest betaalt](/asbestattest/wie-betaalt).","midden","support","child","houden"
"/asbestattest/hasselt","/huis-verkopen-verplichtingen/asbestattest/gemeenschappelijke-delen","asbestattest voor gemeenschappelijke delen",". Meer info staat op de pagina over [asbestattest voor gemeenschappelijke delen](/huis-verkopen-verplichtingen/asbestattest/gemeenschappelijke-delen).","einde","support","child","houden"
"/asbestattest/hasselt","/huis-verkopen-verplichtingen","verplichtingen bij verkoop van een huis","Een volledig overzicht vind je op de pagina over [verplichtingen bij verkoop van een huis](/huis-verkopen-verplichtingen).","einde","support","hub","houden"
"/asbestattest/hoe-lang-moet-je-wachten","/huis-verkopen-verplichtingen/asbestattest/gemeenschappelijke-delen","asbestattest gemeenschappelijke delen",". Meer lees je op [asbestattest gemeenschappelijke delen](/huis-verkopen-verplichtingen/asbestattest/gemeenschappelijke-delen).","einde","support","child","houden"
"/asbestattest/hoe-lang-moet-je-wachten","/huis-verkopen-verplichtingen","verplichtingen bij verkoop van een huis","Een volledig overzicht vind je bij de [verplichtingen bij verkoop van een huis](/huis-verkopen-verplichtingen).","einde","support","hub","houden"
"/asbestattest","/asbestattest/asbestinventaris","asbestinventaris",". Meer achtergrond over onderzoeksdoel en inventaristypes staat op de pagina over de [asbestinventaris](/asbestattest/asbestinventaris).","intro","money","child","houden"
"/asbestattest","/asbestattest/bij-schenking","asbestattest voor de schenkingsakte","Bij een schenking regel je het [asbestattest voor de schenkingsakte](/asbestattest/bij-schenking).","intro","money","child","houden"
"/asbestattest","/asbestattest/bij-erfenis","asbestattest na een erfenis",". Voor nalatenschappen geldt een andere route, die wordt behandeld bij het [asbestattest na een erfenis](/asbestattest/bij-erfenis).","intro","money","child","houden"
"/asbestattest","/asbestattest/garage","asbestattest voor een garage",". De pagina over het [asbestattest voor een garage](/asbestattest/garage) behandelt de uitzonderingen en samenhang uitgebreider.","intro","money","child","houden"
"/asbestattest","/asbestattest/geen","geen asbestattest nodig is",". Andere vrijstellingen staan bij de situaties waarin [geen asbestattest nodig is](/asbestattest/geen).","intro","money","child","houden"
"/asbestattest","/asbestattest/appartement","asbestattest voor een appartement",". De volledige combinatie staat op de pagina over het [asbestattest voor een appartement](/asbestattest/appartement).","midden","money","child","houden"
"/asbestattest","/asbestattest/laten-opmaken","een asbestattest laten opmaken",". De praktische aanvraag wordt stap voor stap uitgewerkt bij [een asbestattest laten opmaken](/asbestattest/laten-opmaken).","midden","money","child","houden"
"/asbestattest","/asbestattest/wie-betaalt","wie het asbestattest betaalt",". De verantwoordelijkheid, mogelijke afspraken en uitzonderingen staan uitgebreider op [wie het asbestattest betaalt](/asbestattest/wie-betaalt).","midden","money","child","houden"
"/asbestattest","/asbestattest/goedkoop","goedkoop asbestattest",". Een lage totaalprijs beoordeel je samen met de scope via de gids over een [goedkoop asbestattest](/asbestattest/goedkoop).","midden","money","child","houden"
"/asbestattest","/asbestattest/hoe-lang-moet-je-wachten","hoe lang je op een asbestattest wacht",". De specifieke doorlooptijdfactoren staan op [hoe lang je op een asbestattest wacht](/asbestattest/hoe-lang-moet-je-wachten).","midden","money","child","houden"
"/asbestattest","/asbestattest/geldigheid","geldigheid van het asbestattest",". Alle vernieuwingsregels staan op de pagina over de [geldigheid van het asbestattest](/asbestattest/geldigheid).","midden","money","child","houden"
"/asbestattest","/asbestattest/compromis","asbestattest en compromis",". De juridische timing wordt uitgebreider uitgelegd bij het [asbestattest en compromis](/asbestattest/compromis).","midden","money","child","houden"
"/asbestattest","/asbestattest/asbestsanering","asbestsanering","Meer over technieken, uitvoerders en kostenfactoren staat in de gids over [asbestsanering](/asbestattest/asbestsanering).","einde","money","child","houden"
"/asbestattest","/asbestattest/renovatie","asbestattest voor renovatie",". De samenhang tussen verkoop, werken en onderzoek wordt verder uitgewerkt bij het [asbestattest voor renovatie](/asbestattest/renovatie).","einde","money","child","houden"
"/asbestattest/laten-opmaken","/huis-verkopen-verplichtingen/epc","EPC",". De kosten horen bij het verkoopdossier, samen met andere verplichte documenten zoals het [EPC](/huis-verkopen-verplichtingen/epc) en het [bodemattest](/huis-verkopen-verplichtingen/bodemattest).","midden","money","child","houden"
"/asbestattest/laten-opmaken","/huis-verkopen-verplichtingen/bodemattest","bodemattest",". De kosten horen bij het verkoopdossier, samen met andere verplichte documenten zoals het [EPC](/huis-verkopen-verplichtingen/epc) en het [bodemattest](/huis-verkopen-verplichtingen/bodemattest).","midden","money","child","houden"
"/asbestattest/laten-opmaken","/asbestattest/geldigheid","geldigheid van het asbestattest",". Meer details lees je op de pagina over de [geldigheid van het asbestattest](/asbestattest/geldigheid).","midden","money","child","houden"
"/asbestattest/laten-opmaken","/kosten-vastgoedmakelaar","kosten van een vastgoedmakelaar",". Vergelijk de tarieven op de pagina over de [kosten van een vastgoedmakelaar](/kosten-vastgoedmakelaar).","einde","money","money","houden"
"/asbestattest/leuven","/asbestattest/appartement","asbestattest voor een appartement",". Meer lees je op de pagina over het [asbestattest voor een appartement](/asbestattest/appartement).","midden","support","child","houden"
"/asbestattest/leuven","/huis-verkopen-verplichtingen","verplichtingen bij de verkoop van een huis","Een overzicht van alle plichten vind je op de pagina [verplichtingen bij de verkoop van een huis](/huis-verkopen-verplichtingen).","einde","support","hub","houden"
"/asbestattest/lier","/huis-verkopen-verplichtingen/asbestattest/gemeenschappelijke-delen","asbestattest voor gemeenschappelijke delen","Meer uitleg vind je op de pagina over het [asbestattest voor gemeenschappelijke delen](/huis-verkopen-verplichtingen/asbestattest/gemeenschappelijke-delen).","einde","support","child","houden"
"/asbestattest/lier","/huis-verkopen-verplichtingen","huis verkopen verplichtingen","Een volledig overzicht staat op de pagina [huis verkopen verplichtingen](/huis-verkopen-verplichtingen).","einde","support","hub","houden"
"/asbestattest/limburg","/huis-verkopen-verplichtingen","huis verkopen verplichtingen","Meer over de volledige lijst lees je op de pagina [huis verkopen verplichtingen](/huis-verkopen-verplichtingen).","einde","support","hub","houden"
"/asbestattest/lokeren","/huis-verkopen-verplichtingen","huis verkopen verplichtingen","Meer over de volledige lijst lees je op [huis verkopen verplichtingen](/huis-verkopen-verplichtingen).","einde","support","hub","houden"
"/asbestattest/notaris","/asbestattest/compromis","asbestattest bij het compromis","Meer over de timing lees je in de gids over het [asbestattest bij het compromis](/asbestattest/compromis).","einde","support","child","houden"
"/asbestattest/notaris","/asbestattest/geldigheid","de geldigheid van het asbestattest",". Voor de geldigheidsduur bekijk je [de geldigheid van het asbestattest](/asbestattest/geldigheid).","einde","support","child","houden"
"/asbestattest/notaris","/notariskosten-verkoop-huis","notariskosten bij verkoop van een huis",". Wil je de volledige kostprijs van de verkoop kennen, lees dan over de [notariskosten bij verkoop van een huis](/notariskosten-verkoop-huis).","einde","support","child","houden"
"/asbestattest/oost-vlaanderen","/asbestattest/gent","asbestattest in Gent",". Bekijk ook de pagina over [asbestattest in Gent](/asbestattest/gent), de [prijs van een asbestattest](/huis-verkopen-verplichtingen/asbestattest/prijs) en de [geldigheid van een asbestattest](/asbestattest/geldigheid).","einde","support","child","houden"
"/asbestattest/oost-vlaanderen","/huis-verkopen-verplichtingen/asbestattest/prijs","prijs van een asbestattest",". Bekijk ook de pagina over [asbestattest in Gent](/asbestattest/gent), de [prijs van een asbestattest](/huis-verkopen-verplichtingen/asbestattest/prijs) en de [geldigheid van een asbestattest](/asbestattest/geldigheid).","einde","support","child","houden"
"/asbestattest/oost-vlaanderen","/asbestattest/geldigheid","geldigheid van een asbestattest",". Bekijk ook de pagina over [asbestattest in Gent](/asbestattest/gent), de [prijs van een asbestattest](/huis-verkopen-verplichtingen/asbestattest/prijs) en de [geldigheid van een asbestattest](/asbestattest/geldigheid).","einde","support","child","houden"
"/asbestattest/oudenaarde","/asbestattest/bij-verhuur","asbestattest bij verhuur",". Meer hierover lees je bij [asbestattest bij verhuur](/asbestattest/bij-verhuur).","midden","support","child","houden"
"/asbestattest/oudenaarde","/asbestattest/goedkoop","prijs van een asbestattest","Een gedetailleerd overzicht van de tarieven vind je bij [prijs van een asbestattest](/asbestattest/goedkoop).","midden","support","child","houden"
"/asbestattest/oudenaarde","/asbestattest/appartement","asbestattest voor een appartement","Meer hierover lees je bij [asbestattest voor een appartement](/asbestattest/appartement).","einde","support","child","houden"
"/asbestattest/oudenaarde","/huis-verkopen-verplichtingen","verplichtingen bij verkoop van een woning","Een volledig overzicht vind je bij [verplichtingen bij verkoop van een woning](/huis-verkopen-verplichtingen).","einde","support","hub","houden"
"/asbestattest/renovatie","/renovatieplicht-bestaande-woning","renovatieplicht bestaande woning","Lees meer over de [renovatieplicht bestaande woning](/renovatieplicht-bestaande-woning) en over [hoeveel een totaalrenovatie kost](/hoeveel-kost-een-totaalrenovatie).","einde","support","child","houden"
"/asbestattest/renovatie","/hoeveel-kost-een-totaalrenovatie","hoeveel een totaalrenovatie kost","Lees meer over de [renovatieplicht bestaande woning](/renovatieplicht-bestaande-woning) en over [hoeveel een totaalrenovatie kost](/hoeveel-kost-een-totaalrenovatie).","einde","support","child","houden"
"/asbestattest/renovatie","/huis-verkopen-verplichtingen/asbestattest/gemeenschappelijke-delen","gemeenschappelijke delen","Meer over de [gemeenschappelijke delen](/huis-verkopen-verplichtingen/asbestattest/gemeenschappelijke-delen) en het [asbestattest voor appartementen](/asbestattest/appartement).","einde","support","child","houden"
"/asbestattest/renovatie","/asbestattest/appartement","asbestattest voor appartementen","Meer over de [gemeenschappelijke delen](/huis-verkopen-verplichtingen/asbestattest/gemeenschappelijke-delen) en het [asbestattest voor appartementen](/asbestattest/appartement).","einde","support","child","houden"
"/asbestattest/renovatie","/huis-verkopen-verplichtingen","verplichtingen bij verkoop van een huis","Bekijk ook de [verplichtingen bij verkoop van een huis](/huis-verkopen-verplichtingen) en het [asbestattest bij verkoop](/huis-verkopen-verplichtingen/asbestattest).","einde","support","hub","houden"
"/asbestattest/renovatie","/huis-verkopen-verplichtingen/asbestattest","asbestattest bij verkoop","Bekijk ook de [verplichtingen bij verkoop van een huis](/huis-verkopen-verplichtingen) en het [asbestattest bij verkoop](/huis-verkopen-verplichtingen/asbestattest).","einde","support","child","houden"
"/asbestattest/sint-niklaas","/huis-verkopen-verplichtingen","de verplichtingen bij verkoop van een woning","Meer over de volledige lijst lees je op de pagina over [de verplichtingen bij verkoop van een woning](/huis-verkopen-verplichtingen).","einde","support","hub","houden"
"/asbestattest/sint-niklaas","/asbestattest/laten-opmaken","hoe je een asbestattest laat opmaken",". Bekijk ook [hoe je een asbestattest laat opmaken](/asbestattest/laten-opmaken) en [wie het asbestattest betaalt](/asbestattest/wie-betaalt).","einde","support","child","houden"
"/asbestattest/sint-niklaas","/asbestattest/wie-betaalt","wie het asbestattest betaalt",". Bekijk ook [hoe je een asbestattest laat opmaken](/asbestattest/laten-opmaken) en [wie het asbestattest betaalt](/asbestattest/wie-betaalt).","einde","support","child","houden"
"/asbestattest/turnhout","/asbestattest/laten-opmaken","asbestattest laten opmaken",". Meer over de aanvraag lees je bij [asbestattest laten opmaken](/asbestattest/laten-opmaken), en over de plicht bij [wanneer is een asbestattest verplicht](/asbestattest/verplicht).","einde","support","child","houden"
"/asbestattest/turnhout","/asbestattest/verplicht","wanneer is een asbestattest verplicht",". Meer over de aanvraag lees je bij [asbestattest laten opmaken](/asbestattest/laten-opmaken), en over de plicht bij [wanneer is een asbestattest verplicht](/asbestattest/verplicht).","einde","support","child","houden"
"/asbestattest/uitstel","/huis-verkopen-verplichtingen/asbestattest","asbestattest bij verkoop",". Je vindt meer details op [asbestattest bij verkoop](/huis-verkopen-verplichtingen/asbestattest).","intro","support","child","houden"
"/asbestattest/uitstel","/asbestattest/compromis","asbestattest en compromis",". Zie ook [asbestattest en compromis](/asbestattest/compromis).","midden","support","child","houden"
"/asbestattest/uitstel","/asbestattest/appartement","asbestattest voor appartement",". Meer uitleg staat op [asbestattest voor appartement](/asbestattest/appartement) en [asbestattest gemeenschappelijke delen](/huis-verkopen-verplichtingen/asbestattest/gemeenschappelijke-delen).","midden","support","child","houden"
"/asbestattest/uitstel","/huis-verkopen-verplichtingen/asbestattest/gemeenschappelijke-delen","asbestattest gemeenschappelijke delen",". Meer uitleg staat op [asbestattest voor appartement](/asbestattest/appartement) en [asbestattest gemeenschappelijke delen](/huis-verkopen-verplichtingen/asbestattest/gemeenschappelijke-delen).","midden","support","child","houden"
"/asbestattest/uitstel","/asbestattest/laten-opmaken","asbestattest laten opmaken","Lees hoe je het attest laat opmaken op [asbestattest laten opmaken](/asbestattest/laten-opmaken).","midden","support","child","houden"
"/asbestattest/uitstel","/asbestattest/goedkoop","asbestattest goedkoop",". Tips om te besparen vind je op [asbestattest goedkoop](/asbestattest/goedkoop).","midden","support","child","houden"
"/asbestattest/uitstel","/kosten-vastgoedmakelaar","kosten vastgoedmakelaar",". Meer over de tarieven lees je op [kosten vastgoedmakelaar](/kosten-vastgoedmakelaar).","einde","support","money","houden"
"/asbestattest/uitstel","/asbestattest/asbestsanering","asbestsanering",". Zie [asbestsanering](/asbestattest/asbestsanering) en [asbest verwijderen](/huis-verkopen-verplichtingen/asbest-verwijderen).","einde","support","child","houden"
"/asbestattest/uitstel","/huis-verkopen-verplichtingen/asbest-verwijderen","asbest verwijderen",". Zie [asbestsanering](/asbestattest/asbestsanering) en [asbest verwijderen](/huis-verkopen-verplichtingen/asbest-verwijderen).","einde","support","child","houden"
"/asbestattest/verplicht","/asbestattest/wie-betaalt","asbestattest wie betaalt",". Meer details lees je op [asbestattest wie betaalt](/asbestattest/wie-betaalt).","midden","support","child","houden"
"/asbestattest/verplicht","/huis-verkopen-verplichtingen/asbestattest","asbestattest bij verkoop",". Voor de aanpak bij een concrete verkoop lees je verder op [asbestattest bij verkoop](/huis-verkopen-verplichtingen/asbestattest) en [asbestattest laten opmaken](/asbestattest/laten-opmaken).","einde","support","child","houden"
"/asbestattest/verplicht","/asbestattest/laten-opmaken","asbestattest laten opmaken",". Voor de aanpak bij een concrete verkoop lees je verder op [asbestattest bij verkoop](/huis-verkopen-verplichtingen/asbestattest) en [asbestattest laten opmaken](/asbestattest/laten-opmaken).","einde","support","child","houden"
"/asbestattest/vlaams-brabant","/kosten-vastgoedmakelaar","kosten van een vastgoedmakelaar",". Meer over de kosten lees je op de pagina over de [kosten van een vastgoedmakelaar](/kosten-vastgoedmakelaar).","einde","support","money","houden"
"/asbestattest/west-vlaanderen","/huis-verkopen-verplichtingen/asbestattest","asbestattest bij verkoop",". Meer lees je op de pagina over [asbestattest bij verkoop](/huis-verkopen-verplichtingen/asbestattest).","midden","support","child","houden"
"/asbestattest/west-vlaanderen","/huis-verkopen-verplichtingen/asbestattest/gemeenschappelijke-delen","asbestattest voor gemeenschappelijke delen","Meer lees je op de pagina over [asbestattest voor gemeenschappelijke delen](/huis-verkopen-verplichtingen/asbestattest/gemeenschappelijke-delen).","einde","support","child","houden"
"/asbestattest/west-vlaanderen","/huis-verkopen-verplichtingen/epc","energieprestatiecertificaat (EPC)","- [energieprestatiecertificaat (EPC)](/huis-verkopen-verplichtingen/epc)","einde","support","child","houden"
"/asbestattest/west-vlaanderen","/huis-verkopen-verplichtingen/elektriciteitskeuring","elektriciteitskeuring","- [elektriciteitskeuring](/huis-verkopen-verplichtingen/elektriciteitskeuring)","einde","support","child","houden"
"/asbestattest/west-vlaanderen","/huis-verkopen-verplichtingen/bodemattest","bodemattest","- [bodemattest](/huis-verkopen-verplichtingen/bodemattest)","einde","support","child","houden"
"/asbestattest/west-vlaanderen","/huis-verkopen-verplichtingen/mazouttank","stookolietankkeuring","- [stookolietankkeuring](/huis-verkopen-verplichtingen/mazouttank)","einde","support","child","houden"
"/asbestattest/wetgeving","/asbestattest/goedkoop","asbestattest goedkoop laten opmaken","Meer detail over de kosten vind je op de pagina over [asbestattest goedkoop laten opmaken](/asbestattest/goedkoop) en over [wie het asbestattest betaalt](/asbestattest/wie-betaalt).","midden","support","child","houden"
"/asbestattest/wetgeving","/asbestattest/wie-betaalt","wie het asbestattest betaalt","Meer detail over de kosten vind je op de pagina over [asbestattest goedkoop laten opmaken](/asbestattest/goedkoop) en over [wie het asbestattest betaalt](/asbestattest/wie-betaalt).","midden","support","child","houden"
"/asbestattest/wetgeving","/asbestattest/appartement","asbestattest voor een appartement","Meer over de verplichting per situatie lees je op de pagina over het [asbestattest voor een appartement](/asbestattest/appartement) en over de [gemeenschappelijke delen](/huis-verkopen-verplichtingen/asbestattest/gemeenschappelijke-delen).","midden","support","child","houden"
"/asbestattest/wetgeving","/huis-verkopen-verplichtingen/asbestattest/gemeenschappelijke-delen","gemeenschappelijke delen","Meer over de verplichting per situatie lees je op de pagina over het [asbestattest voor een appartement](/asbestattest/appartement) en over de [gemeenschappelijke delen](/huis-verkopen-verplichtingen/asbestattest/gemeenschappelijke-delen).","midden","support","child","houden"
"/asbestattest/wetgeving","/huis-verkopen-verplichtingen","verplichtingen bij verkoop van een huis","Een volledig overzicht vind je op de pagina over de [verplichtingen bij verkoop van een huis](/huis-verkopen-verplichtingen).","einde","support","hub","houden"
"/asbestattest/wie-betaalt","/huis-verkopen-verplichtingen","de verplichtingen bij verkoop","Meer over het geheel van verplichtingen lees je op de pagina over [de verplichtingen bij verkoop](/huis-verkopen-verplichtingen).","einde","support","hub","houden"
"/asbestattest/wie","/asbestattest/goedkoop","asbestattest goedkoop","Meer over de tarieven leest u op [asbestattest goedkoop](/asbestattest/goedkoop) en [wie betaalt het asbestattest](/asbestattest/wie-betaalt).","midden","support","child","houden"
"/asbestattest/wie","/asbestattest/wie-betaalt","wie betaalt het asbestattest","Meer over de tarieven leest u op [asbestattest goedkoop](/asbestattest/goedkoop) en [wie betaalt het asbestattest](/asbestattest/wie-betaalt).","midden","support","child","houden"
"/asbestattest/wie","/asbestattest/geldigheid","geldigheid van het asbestattest",". Meer hierover leest u op [geldigheid van het asbestattest](/asbestattest/geldigheid).","einde","support","child","houden"
"/asbestattest/wie","/huis-verkopen-verplichtingen","verplichtingen bij verkoop","Een volledig overzicht vindt u bij [verplichtingen bij verkoop](/huis-verkopen-verplichtingen).","einde","support","hub","houden"
"/asbestattest/wie","/asbestattest/vanaf-wanneer","asbestattest vanaf wanneer",". Meer over de tijdlijn leest u op [asbestattest vanaf wanneer](/asbestattest/vanaf-wanneer).","einde","support","child","houden"
"/beding-van-aanwas","/registratierechten","registratierechten in Vlaanderen",". De aparte gids over [registratierechten in Vlaanderen](/registratierechten) verklaart het verschil tussen het algemene en verlaagde tarief.","midden","support","child","houden"
"/beding-van-aanwas","/successierechten-woning","successierechten op een woning",". Bekijk daarom ook hoe [successierechten op een woning](/successierechten-woning) volgens relatievorm en type vastgoed worden behandeld.","midden","support","child","houden"
"/beding-van-aanwas","/schenking-onroerend-goed","schenking van onroerend goed","Een [schenking van onroerend goed](/schenking-onroerend-goed) is in beginsel onherroepelijk en wordt belast met schenkbelasting.","midden","support","child","houden"
"/beding-van-aanwas","/huis-verkopen-na-overlijden-partner","huis na het overlijden van de partner wil verkopen",". De uiteindelijke eigendomsrechten bepalen ook wie later mag beslissen wanneer de langstlevende het [huis na het overlijden van de partner wil verkopen](/huis-verkopen-na-overlijden-partner).","midden","support","child","houden"
"/belasting-tweede-verblijf-vermijden","/schenking-onroerend-goed","schenking van onroerend goed",". Meer hierover lees je op de pagina over [schenking van onroerend goed](/schenking-onroerend-goed).","midden","support","child","houden"
"/bestaande-vloer-isoleren","/epc-waarde-verlagen","EPC-waarde verlagen","Meer weten over je energielabel opkrikken? Lees dan [EPC-waarde verlagen](/epc-waarde-verlagen) en de [renovatieplicht bestaande woning](/renovatieplicht-bestaande-woning).","midden","support","child","houden"
"/bestaande-vloer-isoleren","/renovatieplicht-bestaande-woning","renovatieplicht bestaande woning","Meer weten over je energielabel opkrikken? Lees dan [EPC-waarde verlagen](/epc-waarde-verlagen) en de [renovatieplicht bestaande woning](/renovatieplicht-bestaande-woning).","midden","support","child","houden"
"/bewoonbare-oppervlakte-berekenen","/epc-waarde-verlagen","EPC-waarde verlaagt",". Wil je je energiescore verbeteren, lees dan hoe je de [EPC-waarde verlaagt](/epc-waarde-verlagen).","midden","support","child","houden"
"/bewoonbare-oppervlakte-berekenen","/kadastraal-inkomen-berekenen-na-verbouwing","kadastraal inkomen berekenen na verbouwing",". Meer daarover lees je bij [kadastraal inkomen berekenen na verbouwing](/kadastraal-inkomen-berekenen-na-verbouwing).","midden","support","child","houden"
"/bewoonbare-oppervlakte-berekenen","/huis-laten-schatten","laten schatten","Een vastgoedmakelaar die erkend is bij het BIV (Beroepsinstituut van Vastgoedmakelaars) neemt de meting doorgaans mee wanneer hij je woning bezoekt om ze te [laten schatten](/huis-laten-schatten).","einde","support","money","houden"
"/bijgebouw-vergunning","/tuinhuis-zonder-vergunning","tuinhuis zonder vergunning","Zoek je specifiek de regels voor een tuinhuis, dan vind je die in de gids over een [tuinhuis zonder vergunning](/tuinhuis-zonder-vergunning).","midden","support","child","houden"
"/bod-intrekken-huis","/bieden-op-een-huis","Bieden op een huis","- [Bieden op een huis](/bieden-op-een-huis)","einde","support","child","houden"
"/bod-intrekken-huis","/optie-nemen-op-huis","Optie nemen op een huis","- [Optie nemen op een huis](/optie-nemen-op-huis)","einde","support","child","houden"
"/bod-intrekken-huis","/opschortende-voorwaarde","Opschortende voorwaarde","- [Opschortende voorwaarde](/opschortende-voorwaarde)","einde","support","child","houden"
"/bod-intrekken-huis","/compromis-verkoop-huis","Compromis bij verkoop van een huis","- [Compromis bij verkoop van een huis](/compromis-verkoop-huis)","einde","support","child","houden"
"/bouwen-of-verbouwen","/registratierechten","registratierechten",". Meer over de voorwaarden lees je op [registratierechten](/registratierechten) en [registratierechten voor de eerste woning](/registratierechten/eerste-woning).","midden","support","child","houden"
"/bouwen-of-verbouwen","/registratierechten/eerste-woning","registratierechten voor de eerste woning",". Meer over de voorwaarden lees je op [registratierechten](/registratierechten) en [registratierechten voor de eerste woning](/registratierechten/eerste-woning).","midden","support","child","houden"
"/bouwen-of-verbouwen","/renovatieplicht-bestaande-woning","renovatieplicht bestaande woning",". Meer detail lees je op [renovatieplicht bestaande woning](/renovatieplicht-bestaande-woning) en [renovatieplicht 2030](/renovatieplicht-2030).","midden","support","child","houden"
"/bouwen-of-verbouwen","/renovatieplicht-2030","renovatieplicht 2030",". Meer detail lees je op [renovatieplicht bestaande woning](/renovatieplicht-bestaande-woning) en [renovatieplicht 2030](/renovatieplicht-2030).","midden","support","child","houden"
"/bouwen-of-verbouwen","/asbestattest","asbestattest",". Meer daarover lees je op [asbestattest](/asbestattest) en [asbestattest prijs](/huis-verkopen-verplichtingen/asbestattest/prijs).","einde","support","child","houden"
"/bouwen-of-verbouwen","/huis-verkopen-verplichtingen/asbestattest/prijs","asbestattest prijs",". Meer daarover lees je op [asbestattest](/asbestattest) en [asbestattest prijs](/huis-verkopen-verplichtingen/asbestattest/prijs).","einde","support","child","houden"
"/bouwen-of-verbouwen","/huis-verkopen-verplichtingen","huis verkopen verplichtingen",". De verkoopverplichtingen bij een woning vind je op [huis verkopen verplichtingen](/huis-verkopen-verplichtingen).","einde","support","hub","houden"
"/bouwen-of-verbouwen","/huis-laten-schatten","huis laten schatten",". Wil je een indicatie van de waarde? Laat je woning gratis vergelijken via [huis laten schatten](/huis-laten-schatten).","einde","support","money","houden"
"/co2-meter-verplicht-in-huis","/epc-waarde-verlagen","de EPC-waarde verlagen",". Wie de luchtkwaliteit en het energieverbruik samen wil aanpakken, kan starten met [de EPC-waarde verlagen](/epc-waarde-verlagen) en nagaan of er een [renovatieplicht voor de bestaande woning](/renovatieplicht-bestaande-woning) geldt.","einde","support","child","houden"
"/co2-meter-verplicht-in-huis","/renovatieplicht-bestaande-woning","renovatieplicht voor de bestaande woning",". Wie de luchtkwaliteit en het energieverbruik samen wil aanpakken, kan starten met [de EPC-waarde verlagen](/epc-waarde-verlagen) en nagaan of er een [renovatieplicht voor de bestaande woning](/renovatieplicht-bestaande-woning) geldt.","einde","support","child","houden"
"/conformiteitsattest","/huis-verkopen-verplichtingen/epc","EPC",". Het gaat specifiek over de veiligheid, de gezondheid en de basiskwaliteit van de woning, los van het [EPC](/huis-verkopen-verplichtingen/epc) dat het energieverbruik beoordeelt.","intro","support","child","houden"
"/doorgeefschenking","/schenking-onroerend-goed","schenking van onroerend goed","Een gewone [schenking van onroerend goed](/schenking-onroerend-goed) blijft mogelijk buiten deze regeling, maar dan betaal je de gewone schenkbelasting volgens de tarieven.","einde","support","child","houden"
"/duurste-gemeente-belgie","/huis-laten-schatten","huis laten schatten","Meer uitleg vind je op [huis laten schatten](/huis-laten-schatten) en [waarde woning berekenen](/waarde-woning-berekenen).","einde","support","money","houden"
"/duurste-gemeente-belgie","/waarde-woning-berekenen","waarde woning berekenen","Meer uitleg vind je op [huis laten schatten](/huis-laten-schatten) en [waarde woning berekenen](/waarde-woning-berekenen).","einde","support","child","houden"
"/duurste-gemeente-belgie","/registratierechten","registratierechten","Lees meer over [registratierechten](/registratierechten) en over de [notariskosten bij verkoop van een huis](/notariskosten-verkoop-huis).","einde","support","child","houden"
"/duurste-gemeente-belgie","/notariskosten-verkoop-huis","notariskosten bij verkoop van een huis","Lees meer over [registratierechten](/registratierechten) en over de [notariskosten bij verkoop van een huis](/notariskosten-verkoop-huis).","einde","support","child","houden"
"/eigen-inbreng-lening-bij-aankoop-woning","/kosten-vastgoedmakelaar","kosten van een vastgoedmakelaar",". Wil je weten wat professionele begeleiding kost, bekijk dan de [kosten van een vastgoedmakelaar](/kosten-vastgoedmakelaar).","midden","support","money","houden"
"/erfenis-huis-ouders","/huis-verkopen-na-overlijden-partner","huis verkopen na het overlijden van je partner","Gaat het niet om het ouderlijk huis maar om de gezamenlijke gezinswoning, bekijk dan wie mag beslissen bij een [huis verkopen na het overlijden van je partner](/huis-verkopen-na-overlijden-partner).","intro","support","child","houden"
"/erfenis-huis-ouders","/huis-verkopen-met-meerdere-erfgenamen","huis verkopen met meerdere erfgenamen","Wil je de woning verkopen en zijn er meerdere erfgenamen, lees dan ook de pagina over [huis verkopen met meerdere erfgenamen](/huis-verkopen-met-meerdere-erfgenamen).","midden","support","child","houden"
"/erfenis-huis-ouders","/ouderlijk-huis-verkopen-voor-overlijden","ouderlijk huis verkopen voor overlijden",". Speelt de vraag al voordat een ouder overlijdt, dan is [ouderlijk huis verkopen voor overlijden](/ouderlijk-huis-verkopen-voor-overlijden) relevant.","midden","support","child","houden"
"/erfenis-huis-ouders","/huis-verkopen-verplichtingen","checklist met verkoopverplichtingen","Gebruik voor het woningdossier de algemene [checklist met verkoopverplichtingen](/huis-verkopen-verplichtingen).","midden","support","hub","houden"
"/erfenis-huis-ouders","/huis-leegmaken-bij-verkoop","huis leegmaken bij verkoop",". De praktische aanpak en offertecontrole staan op de pagina over een [huis leegmaken bij verkoop](/huis-leegmaken-bij-verkoop).","einde","support","child","houden"
"/erfenis-huis-ouders","/huis-laten-schatten","huis laten schatten",". Wil je weten wat de woning waard is, dan kan je het [huis laten schatten](/huis-laten-schatten) of de [waarde van de woning berekenen](/waarde-woning-berekenen).","einde","support","money","houden"
"/erfenis-huis-ouders","/waarde-woning-berekenen","waarde van de woning berekenen",". Wil je weten wat de woning waard is, dan kan je het [huis laten schatten](/huis-laten-schatten) of de [waarde van de woning berekenen](/waarde-woning-berekenen).","einde","support","child","houden"
"/erfpacht","/verschil-erfpacht-en-opstal","verschil erfpacht en opstal","Wil je de twee bouwrechten grondiger vergelijken, lees dan onze pagina over het [verschil erfpacht en opstal](/verschil-erfpacht-en-opstal).","midden","support","child","houden"
"/erfpacht","/registratierechten","registratierechten in Vlaanderen",". Meer over de tarieven bij een gewone aankoop vind je op onze pagina over de [registratierechten in Vlaanderen](/registratierechten).","einde","support","child","houden"
"/garage-verhuren","/huurprijs-berekenen","huurprijs berekent","Wil je weten wat een correcte huurprijs is voor jouw garage? Lees dan hoe je de [huurprijs berekent](/huurprijs-berekenen) en vergelijk met vergelijkbare panden in je buurt.","einde","support","child","houden"
"/gemeenschappelijke-kosten-appartement-huurder","/registratierechten","registratierechten",". Wie het pand als investering koopt, houdt ook rekening met de geldende [registratierechten](/registratierechten) op de aankoop.","einde","support","child","houden"
"/gras-afrijden-op-zondag","/huis-laten-schatten","schatting van je huis","Wil je weten wat je woning en tuin waard zijn, dan helpt een [schatting van je huis](/huis-laten-schatten) om een realistische vraagprijs te bepalen.","einde","support","money","houden"
"/haag-hoogte","/bijgebouw-vergunning","bijgebouw plaatsen",". Dezelfde voorzichtigheid geldt bij een [bijgebouw plaatsen](/bijgebouw-vergunning), waar de gemeente ook eigen hoogte- en afstandsregels hanteert.","midden","support","child","houden"
"/hoeveel-kost-een-totaalrenovatie","/bouwen-of-verbouwen","bouwen of verbouwen",". Lees meer in [bouwen of verbouwen](/bouwen-of-verbouwen) en bekijk de [renovatieplicht voor bestaande woningen](/renovatieplicht-bestaande-woning) voordat je beslist.","midden","support","child","houden"
"/hoeveel-kost-een-totaalrenovatie","/renovatieplicht-bestaande-woning","renovatieplicht voor bestaande woningen",". Lees meer in [bouwen of verbouwen](/bouwen-of-verbouwen) en bekijk de [renovatieplicht voor bestaande woningen](/renovatieplicht-bestaande-woning) voordat je beslist.","midden","support","child","houden"
"/hoeveel-kost-een-totaalrenovatie","/woning-kopen-met-epc-f","woning met EPC F","Heeft de woning EPC F, combineer deze berekening dan met de aankoopcheck voor een [woning met EPC F](/woning-kopen-met-epc-f).","einde","support","child","houden"
"/hoeveel-kost-een-totaalrenovatie","/renteloos-renovatiekrediet","renteloos renovatiekrediet",". Bekijk of een [renteloos renovatiekrediet](/renteloos-renovatiekrediet) in jouw situatie mogelijk is en betrek dit in je budgetplanning.","einde","support","child","houden"
"/hoogte-brievenbus","/huis-verkopen-verplichtingen","huis verkopen: verplichtingen","Wil je weten welke documenten en keuringen wél verplicht zijn bij verkoop, bekijk dan [huis verkopen: verplichtingen](/huis-verkopen-verplichtingen).","einde","support","hub","houden"
"/hoogte-brievenbus","/nieuwbouw-kopen-waar-op-letten","nieuwbouw kopen: waar op letten",". Wie een nieuwbouw koopt, vindt praktische aandachtspunten bij [nieuwbouw kopen: waar op letten](/nieuwbouw-kopen-waar-op-letten).","einde","support","child","houden"
"/huis-gekocht-wat-nu","/akte-verlijden","wat gebeurt er bij het verlijden van de akte",". Meer hierover lees je op [wat gebeurt er bij het verlijden van de akte](/akte-verlijden).","intro","support","child","houden"
"/huis-gekocht-wat-nu","/registratierechten","registratierechten",". Voor de tarieven per situatie, zie [registratierechten](/registratierechten).","midden","support","child","houden"
"/huis-gekocht-wat-nu","/opschortende-voorwaarde","opschortende voorwaarde",". Lees meer op [opschortende voorwaarde](/opschortende-voorwaarde).","midden","support","child","houden"
"/huis-gekocht-wat-nu","/renovatieplicht-bestaande-woning","renovatieplicht bestaande woning",". Meer details staan op [renovatieplicht bestaande woning](/renovatieplicht-bestaande-woning).","midden","support","child","houden"
"/huis-gekocht-wat-nu","/schuldsaldoverzekering-prijs","schuldsaldoverzekering prijs",". Voor de kostprijs van een schuldsaldoverzekering, zie [schuldsaldoverzekering prijs](/schuldsaldoverzekering-prijs).","midden","support","child","houden"
"/huis-gekocht-wat-nu","/kadastraal-inkomen-berekenen-na-verbouwing","kadastraal inkomen berekenen na verbouwing",". Hoe het kadastraal inkomen wordt bepaald, lees je op [kadastraal inkomen berekenen na verbouwing](/kadastraal-inkomen-berekenen-na-verbouwing).","einde","support","child","houden"
"/huis-gekocht-wat-nu","/verborgen-gebreken-huis","verborgen gebreken bij een huis","De voorwaarden en je mogelijkheden staan uitgelegd op [verborgen gebreken bij een huis](/verborgen-gebreken-huis).","einde","support","child","houden"
"/huis-gekocht-wat-nu","/kosten-vastgoedmakelaar","kosten vastgoedmakelaar",". Meer hierover lees je op [kosten vastgoedmakelaar](/kosten-vastgoedmakelaar).","einde","support","money","houden"
"/huis-kopen-om-te-verhuren","/kosten-vastgoedmakelaar","kosten van een vastgoedmakelaar","Wil je weten wat een makelaar kost als je koopt of later verkoopt? Lees dan meer over de [kosten van een vastgoedmakelaar](/kosten-vastgoedmakelaar).","midden","support","money","houden"
"/huis-kopen-om-te-verhuren","/huis-laten-schatten","huis laten schatten",". Wil je eerst een idee van de waarde? Laat dan je [huis laten schatten](/huis-laten-schatten) of bereken de [waarde van de woning](/waarde-woning-berekenen).","midden","support","money","houden"
"/huis-kopen-om-te-verhuren","/waarde-woning-berekenen","waarde van de woning",". Wil je eerst een idee van de waarde? Laat dan je [huis laten schatten](/huis-laten-schatten) of bereken de [waarde van de woning](/waarde-woning-berekenen).","midden","support","child","houden"
"/huis-kopen-om-te-verhuren","/huurkoop-woning","huurkoop van een woning","Overweeg je in plaats van klassieke verhuur een formule zoals [huurkoop van een woning](/huurkoop-woning)? Bekijk dan vooraf goed de voorwaarden en de fiscale gevolgen.","einde","support","child","houden"
"/huis-laten-schatten/bij-scheiding","/huis-laten-schatten","een huis laten schatten",". Meer uitleg staat op de algemene pagina over [een huis laten schatten](/huis-laten-schatten).","midden","support","money","houden"
"/huis-laten-schatten/bij-scheiding","/huis-verkopen-met-makelaar","een huis verkopen met een makelaar",". Lees ook hoe [een huis verkopen met een makelaar](/huis-verkopen-met-makelaar) verloopt.","midden","support","child","houden"
"/huis-laten-schatten/bij-scheiding","/huis-verkopen-met-meerdere-erfgenamen","huis verkopen met meerdere erfgenamen",". Lees voor die situatie verder bij [huis verkopen met meerdere erfgenamen](/huis-verkopen-met-meerdere-erfgenamen).","einde","support","child","houden"
"/huis-laten-schatten","/huis-laten-schatten/bij-scheiding","huis laten schatten bij scheiding",". Lees hoe je de woningwaarde en een indicatieve uitkoopsom berekent in [huis laten schatten bij scheiding](/huis-laten-schatten/bij-scheiding).","intro","money","child","houden"
"/huis-laten-schatten","/waarde-woning-berekenen","waarde woning berekenen",". Meer daarover lees je bij [waarde woning berekenen](/waarde-woning-berekenen).","midden","money","child","houden"
"/huis-laten-schatten","/kosten-vastgoedmakelaar","kosten vastgoedmakelaar",". Meer over de vergoeding lees je bij [kosten vastgoedmakelaar](/kosten-vastgoedmakelaar).","midden","money","money","houden"
"/huis-laten-schatten","/kantoor","kantorengids","Bekijk in de [kantorengids](/kantoor) welke vastgoedkantoren in jouw regio actief zijn en welke profielen een gecontroleerde BIV-vermelding tonen.","midden","money","money","houden"
"/huis-laten-schatten","/huis-verkopen-met-makelaar","huis verkopen met makelaar",". Bekijk daarna hoe [huis verkopen met makelaar](/huis-verkopen-met-makelaar) verder verloopt.","einde","money","child","houden"
"/huis-leegmaken-bij-verkoop","/compromis-verkoop-huis","compromis",". In dat geval leg je uitdrukkelijk in de [compromis](/compromis-verkoop-huis) vast wat blijft en wat verdwijnt, zodat er achteraf geen discussie ontstaat.","intro","support","child","houden"
"/huis-leegmaken-bij-verkoop","/erfenis-huis-ouders","ouderlijk huis erven",". Verkoop je nadien de woning, dan bekijk je ook de fiscale en juridische kant van het [ouderlijk huis erven](/erfenis-huis-ouders).","midden","support","child","houden"
"/huis-leegmaken-bij-verkoop","/huis-laten-schatten","schatten",". Wil je weten wat je woning kan opbrengen, laat ze dan eerst [schatten](/huis-laten-schatten).","einde","support","money","houden"
"/huis-schenken-aan-kinderen","/waarde-woning-berekenen","woningwaarde berekenen",". Je kunt zelf een eerste inschatting maken via [woningwaarde berekenen](/waarde-woning-berekenen).","midden","support","child","houden"
"/huis-schenken-aan-kinderen","/asbestattest/bij-schenking","asbestattest bij schenking",". Meer over de voorwaarden lees je op de pagina [asbestattest bij schenking](/asbestattest/bij-schenking).","midden","support","child","houden"
"/huis-schenken-aan-kinderen","/registratierechten","registratierechten",". Meer over dat tarief lees je op de pagina [registratierechten](/registratierechten).","einde","support","child","houden"
"/huis-verkopen-bij-scheiding","/huis-verkopen-verplichtingen","verplichte verkoopdocumenten",". Verzamel het EPC, bodemattest, elektrische keuring en andere [verplichte verkoopdocumenten](/huis-verkopen-verplichtingen).","midden","money","hub","houden"
"/huis-verkopen-bij-scheiding","/compromis-verkoop-huis","verkoopcompromis",". Laat het [verkoopcompromis](/compromis-verkoop-huis) door de notaris opstellen of controleren.","midden","money","child","houden"
"/huis-verkopen-bij-scheiding","/huis-laten-schatten/bij-scheiding","huis laten schatten bij scheiding","De aparte gids over een [huis laten schatten bij scheiding](/huis-laten-schatten/bij-scheiding) behandelt de waarderingsmethodes en indicatieve uitkoopsom uitgebreider.","midden","money","child","houden"
"/huis-verkopen-bij-scheiding","/miserietaks","miserietaks of het verdeelrecht",". De uitgebreide pagina over de [miserietaks of het verdeelrecht](/miserietaks) legt tarieven en berekening afzonderlijk uit.","midden","money","child","houden"
"/huis-verkopen-bij-scheiding","/kosten-verkoop-huis","kosten bij de verkoop van een huis","De algemene gids over [kosten bij de verkoop van een huis](/kosten-verkoop-huis) helpt om bruto verkoopprijs en netto-opbrengst niet te verwarren.","einde","money","child","houden"
"/huis-verkopen-bij-scheiding","/huis-verkopen-met-makelaar","verkopen met een vastgoedmakelaar",". Vergelijk bij [verkopen met een vastgoedmakelaar](/huis-verkopen-met-makelaar) meerdere voorstellen en controleer de BIV-erkenning.","einde","money","child","houden"
"/huis-verkopen-met-makelaar","/kosten-vastgoedmakelaar","kosten vastgoedmakelaar","Meer detail over de commissie vind je op [kosten vastgoedmakelaar](/kosten-vastgoedmakelaar).","midden","money","money","houden"
"/huis-verkopen-met-makelaar","/kosten-verkoop-huis","kosten verkoop huis",". Een overzicht van alle verkoopkosten staat op [kosten verkoop huis](/kosten-verkoop-huis).","midden","money","child","houden"
"/huis-verkopen-met-makelaar","/huis-verkopen-verplichtingen","huis verkopen verplichtingen","Een volledig overzicht van de verplichtingen staat op [huis verkopen verplichtingen](/huis-verkopen-verplichtingen).","midden","money","hub","houden"
"/huis-verkopen-met-makelaar","/huis-verkopen-verplichtingen/asbestattest","asbestattest bij verkoop",". De details over het attest vind je op [asbestattest bij verkoop](/huis-verkopen-verplichtingen/asbestattest).","midden","money","child","houden"
"/huis-verkopen-met-makelaar","/huis-laten-schatten","huis laten schatten","Wil je weten wat je woning waard is? Start met een [huis laten schatten](/huis-laten-schatten) of bereken de [waarde van je woning](/waarde-woning-berekenen).","einde","money","money","houden"
"/huis-verkopen-met-makelaar","/waarde-woning-berekenen","waarde van je woning","Wil je weten wat je woning waard is? Start met een [huis laten schatten](/huis-laten-schatten) of bereken de [waarde van je woning](/waarde-woning-berekenen).","einde","money","child","houden"
"/huis-verkopen-met-makelaar","/minimum-tijd-tussen-compromis-en-akte","minimum tijd tussen compromis en akte","Meer over deze termijn lees je op [minimum tijd tussen compromis en akte](/minimum-tijd-tussen-compromis-en-akte) en op [akte verlijden](/akte-verlijden).","einde","money","child","houden"
"/huis-verkopen-met-makelaar","/akte-verlijden","akte verlijden","Meer over deze termijn lees je op [minimum tijd tussen compromis en akte](/minimum-tijd-tussen-compromis-en-akte) en op [akte verlijden](/akte-verlijden).","einde","money","child","houden"
"/huis-verkopen-met-makelaar","/registratierechten","registratierechten",". Een volledig overzicht van de registratierechten vind je op [registratierechten](/registratierechten).","einde","money","child","houden"
"/huis-verkopen-met-makelaar","/huis-zelf-verkopen-documenten","huis zelf verkopen documenten",". Bekijk in dat geval welke documenten je nodig hebt op [huis zelf verkopen documenten](/huis-zelf-verkopen-documenten).","einde","money","child","houden"
"/huis-verkopen-met-meerdere-erfgenamen","/huis-verkopen-na-overlijden-partner","huis verkopen na overlijden van je partner","Is de woning na het overlijden verdeeld tussen een langstlevende partner en kinderen, lees dan ook hoe vruchtgebruik en blote eigendom werken bij een [huis verkopen na overlijden van je partner](/huis-verkopen-na-overlijden-partner).","intro","support","child","houden"
"/huis-verkopen-met-meerdere-erfgenamen","/huis-laten-schatten","huis laat schatten",". Bekijk hoe je een [huis laat schatten](/huis-laten-schatten) of de [waarde van je woning berekent](/waarde-woning-berekenen).","midden","support","money","houden"
"/huis-verkopen-met-meerdere-erfgenamen","/waarde-woning-berekenen","waarde van je woning berekent",". Bekijk hoe je een [huis laat schatten](/huis-laten-schatten) of de [waarde van je woning berekent](/waarde-woning-berekenen).","midden","support","child","houden"
"/huis-verkopen-met-meerdere-erfgenamen","/compromis-verkoop-huis","compromis bij verkoop van een huis",". Lees meer over de [compromis bij verkoop van een huis](/compromis-verkoop-huis).","midden","support","child","houden"
"/huis-verkopen-met-meerdere-erfgenamen","/minimum-tijd-tussen-compromis-en-akte","minimumtijd tussen compromis en akte",". Zie de [minimumtijd tussen compromis en akte](/minimum-tijd-tussen-compromis-en-akte) en het [verlijden van de akte](/akte-verlijden).","midden","support","child","houden"
"/huis-verkopen-met-meerdere-erfgenamen","/akte-verlijden","verlijden van de akte",". Zie de [minimumtijd tussen compromis en akte](/minimum-tijd-tussen-compromis-en-akte) en het [verlijden van de akte](/akte-verlijden).","midden","support","child","houden"
"/huis-verkopen-met-meerdere-erfgenamen","/verkoop-uit-de-hand","verkoop uit de hand",". Bekijk het verschil tussen [verkoop uit de hand](/verkoop-uit-de-hand) en [openbare verkoop van een huis](/openbare-verkoop-huis).","midden","support","child","houden"
"/huis-verkopen-met-meerdere-erfgenamen","/openbare-verkoop-huis","openbare verkoop van een huis",". Bekijk het verschil tussen [verkoop uit de hand](/verkoop-uit-de-hand) en [openbare verkoop van een huis](/openbare-verkoop-huis).","midden","support","child","houden"
"/huis-verkopen-met-meerdere-erfgenamen","/successierechten-vermijden","successierechten kunt vermijden",". Zie ook hoe je [successierechten kunt vermijden](/successierechten-vermijden).","midden","support","child","houden"
"/huis-verkopen-met-meerdere-erfgenamen","/huis-verkopen-verplichtingen","verplichtingen bij verkoop van een huis",". Meer uitleg vind je bij de [verplichtingen bij verkoop van een huis](/huis-verkopen-verplichtingen) en bij het [asbestattest](/asbestattest).","midden","support","hub","houden"
"/huis-verkopen-met-meerdere-erfgenamen","/asbestattest","asbestattest",". Meer uitleg vind je bij de [verplichtingen bij verkoop van een huis](/huis-verkopen-verplichtingen) en bij het [asbestattest](/asbestattest).","midden","support","child","houden"
"/huis-verkopen-met-meerdere-erfgenamen","/kosten-verkoop-huis","kosten van een verkoop van een huis",". Zie ook de [kosten van een verkoop van een huis](/kosten-verkoop-huis) en de [notariskosten bij verkoop](/notariskosten-verkoop-huis).","einde","support","child","houden"
"/huis-verkopen-met-meerdere-erfgenamen","/notariskosten-verkoop-huis","notariskosten bij verkoop",". Zie ook de [kosten van een verkoop van een huis](/kosten-verkoop-huis) en de [notariskosten bij verkoop](/notariskosten-verkoop-huis).","einde","support","child","houden"
"/huis-verkopen-met-meerdere-erfgenamen","/kosten-vastgoedmakelaar","kosten van een vastgoedmakelaar",". Lees meer over de [kosten van een vastgoedmakelaar](/kosten-vastgoedmakelaar) en [verkopen met een makelaar](/huis-verkopen-met-makelaar).","einde","support","money","houden"
"/huis-verkopen-met-meerdere-erfgenamen","/huis-verkopen-met-makelaar","verkopen met een makelaar",". Lees meer over de [kosten van een vastgoedmakelaar](/kosten-vastgoedmakelaar) en [verkopen met een makelaar](/huis-verkopen-met-makelaar).","einde","support","child","houden"
"/huis-verkopen-na-1-jaar","/opschortende-voorwaarde","opschortende voorwaarde","Meer uitleg over voorwaarden bij een compromis staat op de pagina over de [opschortende voorwaarde](/opschortende-voorwaarde) bij een vastgoedkoop.","intro","support","child","houden"
"/huis-verkopen-na-1-jaar","/miserietaks","miserietaks",". Meer uitleg staat op de pagina over de [miserietaks](/miserietaks).","midden","support","child","houden"
"/huis-verkopen-na-1-jaar","/meerwaardebelasting-vastgoed","meerwaardebelasting op vastgoed",". Meer uitleg staat op de pagina over [meerwaardebelasting op vastgoed](/meerwaardebelasting-vastgoed).","midden","support","child","houden"
"/huis-verkopen-na-1-jaar","/huis-verkopen-verplichtingen","verplichtingen bij verkoop van een woning",". Meer uitleg staat op de pagina over de [verplichtingen bij verkoop van een woning](/huis-verkopen-verplichtingen).","midden","support","hub","houden"
"/huis-verkopen-na-1-jaar","/asbestattest","asbestattest",". Meer uitleg staat op de pagina over het [asbestattest](/asbestattest).","midden","support","child","houden"
"/huis-verkopen-na-1-jaar","/huis-verkopen-verplichtingen/asbestattest/prijs","prijs van een asbestattest",". Meer uitleg staat op de pagina over de [prijs van een asbestattest](/huis-verkopen-verplichtingen/asbestattest/prijs).","midden","support","child","houden"
"/huis-verkopen-na-1-jaar","/huis-laten-schatten","woning laten schatten",". Meer uitleg staat op de pagina over een [woning laten schatten](/huis-laten-schatten).","midden","support","money","houden"
"/huis-verkopen-na-1-jaar","/kosten-verkoop-huis","kosten bij de verkoop van een huis","Meer uitleg staat op de pagina over de [kosten bij de verkoop van een huis](/kosten-verkoop-huis).","einde","support","child","houden"
"/huis-verkopen-na-1-jaar","/vastgoedkantoren/vlaams-brabant","vastgoedkantoren in Vlaams-Brabant",". Via [vastgoedkantoren in Vlaams-Brabant](/vastgoedkantoren/vlaams-brabant) vinden verkopers makelaars in hun regio.","einde","support","child","houden"
"/huis-verkopen-na-overlijden-partner","/huis-verkopen-met-meerdere-erfgenamen","huis verkopen met meerdere erfgenamen",". De mogelijkheden bij onenigheid staan verder uitgelegd bij een [huis verkopen met meerdere erfgenamen](/huis-verkopen-met-meerdere-erfgenamen).","midden","support","child","houden"
"/huis-verkopen-na-overlijden-partner","/kosten-verkoop-huis","calculator voor de netto-opbrengst",". Een algemene raming maak je met de [calculator voor de netto-opbrengst](/kosten-verkoop-huis#netto-opbrengst-calculator).","midden","support","child","houden"
"/huis-verkopen-na-overlijden-partner","/huis-verkopen-verplichtingen","verplichtingen bij de verkoop van een huis","De algemene documentencheck staat op de pagina over [verplichtingen bij de verkoop van een huis](/huis-verkopen-verplichtingen).","midden","support","hub","houden"
"/huis-verkopen-na-overlijden-partner","/waarde-woning-berekenen","eerste berekening van de woningwaarde",". Vergelijk daarvoor een [eerste berekening van de woningwaarde](/waarde-woning-berekenen) met een [schatting na plaatsbezoek](/huis-laten-schatten).","midden","support","child","houden"
"/huis-verkopen-na-overlijden-partner","/huis-laten-schatten","schatting na plaatsbezoek",". Vergelijk daarvoor een [eerste berekening van de woningwaarde](/waarde-woning-berekenen) met een [schatting na plaatsbezoek](/huis-laten-schatten).","midden","support","money","houden"
"/huis-verkopen-na-overlijden-partner","/successierechten-woning","successierechten op een woning",". De berekening staat uitgewerkt bij de [successierechten op een woning](/successierechten-woning).","einde","support","child","houden"
"/huis-verkopen-verplichtingen/asbest-verwijderen","/huis-verkopen-verplichtingen/asbestattest","asbestattest bij verkoop","Meer weten over de verplichtingen rond asbest bij verkoop? Lees dan over het [asbestattest bij verkoop](/huis-verkopen-verplichtingen/asbestattest), de [prijs van een asbestattest](/huis-verkopen-verplichtingen/asbestattest/prijs) en [asbestsanering](/asbestattest/asbestsanering).","einde","support","child","houden"
"/huis-verkopen-verplichtingen/asbest-verwijderen","/huis-verkopen-verplichtingen/asbestattest/prijs","prijs van een asbestattest","Meer weten over de verplichtingen rond asbest bij verkoop? Lees dan over het [asbestattest bij verkoop](/huis-verkopen-verplichtingen/asbestattest), de [prijs van een asbestattest](/huis-verkopen-verplichtingen/asbestattest/prijs) en [asbestsanering](/asbestattest/asbestsanering).","einde","support","child","houden"
"/huis-verkopen-verplichtingen/asbest-verwijderen","/asbestattest/asbestsanering","asbestsanering","Meer weten over de verplichtingen rond asbest bij verkoop? Lees dan over het [asbestattest bij verkoop](/huis-verkopen-verplichtingen/asbestattest), de [prijs van een asbestattest](/huis-verkopen-verplichtingen/asbestattest/prijs) en [asbestsanering](/asbestattest/asbestsanering).","einde","support","child","houden"
"/huis-verkopen-verplichtingen/asbestattest","/asbestattest/bij-schenking","asbestattest bij schenking",". Lees bij een schenking ook de uitleg over een [asbestattest bij schenking](/asbestattest/bij-schenking) en laat de concrete akte door de notaris beoordelen.","midden","money","child","houden"
"/huis-verkopen-verplichtingen/asbestattest","/asbestattest/compromis","asbestattest bij de compromis","De pagina over het [asbestattest bij de compromis](/asbestattest/compromis) behandelt de timing en vermeldingen in meer detail.","midden","money","child","houden"
"/huis-verkopen-verplichtingen/asbestattest","/huis-verkopen-verplichtingen/asbestattest/prijs","prijs van een asbestattest",". Bekijk daarnaast de afzonderlijke pagina over de [prijs van een asbestattest](/huis-verkopen-verplichtingen/asbestattest/prijs) voor offertepunten en woningtypes.","midden","money","child","houden"
"/huis-verkopen-verplichtingen/asbestattest","/asbestattest/geldigheid","geldigheid van een asbestattest","De afzonderlijke gids over de [geldigheid van een asbestattest](/asbestattest/geldigheid) behandelt de verval- en vernieuwingsmomenten uitgebreider.","midden","money","child","houden"
"/huis-verkopen-verplichtingen/asbestattest","/huis-verkopen-verplichtingen/asbestattest/gemeenschappelijke-delen","asbestattest gemeenschappelijke delen",". Onze praktische uitleg staat op [asbestattest gemeenschappelijke delen](/huis-verkopen-verplichtingen/asbestattest/gemeenschappelijke-delen).","einde","money","child","houden"
"/huis-verkopen-verplichtingen/asbestattest","/huis-verkopen-verplichtingen","verplichtingen bij de verkoop van een huis","Controleer het volledige overzicht van [verplichtingen bij de verkoop van een huis](/huis-verkopen-verplichtingen).","einde","money","hub","houden"
"/huis-verkopen-verplichtingen/asbestattest","/huis-verkopen-verplichtingen/epc","EPC bij verkoop",". De afzonderlijke pagina’s over het [EPC bij verkoop](/huis-verkopen-verplichtingen/epc), de [elektriciteitskeuring](/huis-verkopen-verplichtingen/elektriciteitskeuring) en het [bodemattest](/huis-verkopen-verplichtingen/bodemattest) helpen om elk document correct te plannen.","einde","money","child","houden"
"/huis-verkopen-verplichtingen/asbestattest","/huis-verkopen-verplichtingen/elektriciteitskeuring","elektriciteitskeuring",". De afzonderlijke pagina’s over het [EPC bij verkoop](/huis-verkopen-verplichtingen/epc), de [elektriciteitskeuring](/huis-verkopen-verplichtingen/elektriciteitskeuring) en het [bodemattest](/huis-verkopen-verplichtingen/bodemattest) helpen om elk document correct te plannen.","einde","money","child","houden"
"/huis-verkopen-verplichtingen/asbestattest","/huis-verkopen-verplichtingen/bodemattest","bodemattest",". De afzonderlijke pagina’s over het [EPC bij verkoop](/huis-verkopen-verplichtingen/epc), de [elektriciteitskeuring](/huis-verkopen-verplichtingen/elektriciteitskeuring) en het [bodemattest](/huis-verkopen-verplichtingen/bodemattest) helpen om elk document correct te plannen.","einde","money","child","houden"
"/huis-verkopen-verplichtingen/elektriciteitskeuring","/huis-verkopen-verplichtingen/elektriciteitskeuring/prijs","kosten van een elektriciteitskeuring","De aparte prijsgids legt de scope en vergelijkingspunten verder uit bij de [kosten van een elektriciteitskeuring](/huis-verkopen-verplichtingen/elektriciteitskeuring/prijs).","midden","money","child","houden"
"/huis-verkopen-verplichtingen/elektriciteitskeuring","/woning-kopen-met-afgekeurde-elektriciteit","woning kopen met afgekeurde elektriciteit","Meer aandachtspunten voor budget, bod en herkeuring staan bij een [woning kopen met afgekeurde elektriciteit](/woning-kopen-met-afgekeurde-elektriciteit).","midden","money","child","houden"
"/huis-verkopen-verplichtingen/elektriciteitskeuring","/huis-verkopen-verplichtingen","verplichtingen bij de verkoop van een huis","Stem dit af met de andere [verplichtingen bij de verkoop van een huis](/huis-verkopen-verplichtingen), zoals EPC, bodemattest, asbestattest en eventuele documenten over een mazouttank.","einde","money","hub","houden"
"/huis-verkopen-verplichtingen/elektriciteitskeuring/prijs","/woning-kopen-met-afgekeurde-elektriciteit","een woning kopen met afgekeurde elektriciteit",". Wilt u weten wat u zelf kunt doen na een afkeuring, lees dan meer over [een woning kopen met afgekeurde elektriciteit](/woning-kopen-met-afgekeurde-elektriciteit).","midden","support","child","houden"
"/huis-verkopen-verplichtingen/epc","/epc-waarde-verlagen","de EPC-waarde verlagen",". De pagina over [de EPC-waarde verlagen](/epc-waarde-verlagen) helpt om maatregelen te ordenen zonder alleen op één labelstap te focussen.","midden","money","child","houden"
"/huis-verkopen-verplichtingen/epc","/huis-verkopen-verplichtingen","verplichtingen bij de verkoop van een huis",". Combineer deze controle met de andere [verplichtingen bij de verkoop van een huis](/huis-verkopen-verplichtingen), zoals de elektrische keuring, het bodemattest en het asbestattest wanneer die van toepassing zijn.","midden","money","hub","houden"
"/huis-verkopen-verplichtingen/epc","/woning-kopen-met-epc-f","woning kopen met EPC F","Wie een slecht label koopt, vindt een gerichte voorbereiding in de gids over een [woning kopen met EPC F](/woning-kopen-met-epc-f).","midden","money","child","houden"
"/huis-verkopen-verplichtingen/epc","/renovatieplicht-bestaande-woning","renovatieplicht voor bestaande woningen",". Voor de bredere regels en uitzonderingen lees je verder bij de [renovatieplicht voor bestaande woningen](/renovatieplicht-bestaande-woning).","midden","money","child","houden"
"/huis-verkopen-verplichtingen","/huis-verkopen-verplichtingen/epc","EPC bij de verkoop van een woning","De aparte gids over het [EPC bij de verkoop van een woning](/huis-verkopen-verplichtingen/epc) legt uit welke informatie in de publiciteit hoort en wanneer een bestaand certificaat nog bruikbaar is.","midden","power page","child","houden"
"/huis-verkopen-verplichtingen","/huis-verkopen-verplichtingen/bodemattest","bodemattest bij woningverkoop",". De pagina over het [bodemattest bij woningverkoop](/huis-verkopen-verplichtingen/bodemattest) behandelt die situatie afzonderlijk.","midden","power page","child","houden"
"/huis-verkopen-verplichtingen","/huis-verkopen-verplichtingen/elektriciteitskeuring","elektriciteitskeuring bij verkoop",". Bekijk bij twijfel de regels voor de [elektriciteitskeuring bij verkoop](/huis-verkopen-verplichtingen/elektriciteitskeuring).","midden","power page","child","houden"
"/huis-verkopen-verplichtingen","/huis-verkopen-verplichtingen/mazouttank","mazouttank bij verkoop",". De gids over de [mazouttank bij verkoop](/huis-verkopen-verplichtingen/mazouttank) helpt het juiste scenario bepalen.","midden","power page","child","houden"
"/huis-verkopen-verplichtingen","/compromis-verkoop-huis","verkoopcompromis",". Laat daarom een [verkoopcompromis](/compromis-verkoop-huis) en complexe biedingsvoorwaarden vooraf door de notaris voorbereiden of controleren.","midden","power page","child","houden"
"/huis-verkopen-verplichtingen","/huis-verkopen-verplichtingen/asbestattest","asbestattest bij verkoop",". Lees ook wat geldt voor het [asbestattest bij verkoop](/huis-verkopen-verplichtingen/asbestattest) en welke informatie een attest wel en niet bewijst.","midden","power page","child","houden"
"/huis-verkopen-verplichtingen","/appartement-verkopen","een appartement verkopen",". Het volledige verkoopproces staat in de gids over [een appartement verkopen](/appartement-verkopen).","midden","power page","child","houden"
"/huis-verkopen-verplichtingen","/huis-verkopen-zonder-makelaar","huis zonder makelaar verkoopt","Wie het [huis zonder makelaar verkoopt](/huis-verkopen-zonder-makelaar), neemt de coördinatie zelf op zich.","einde","power page","child","houden"
"/huis-verkopen-verplichtingen","/kosten-verkoop-huis","verkoopkosten voor een huis",". De pagina over [verkoopkosten voor een huis](/kosten-verkoop-huis) plaatst de attesten naast makelaarskosten, hypotheekafrekening en andere mogelijke uitgaven.","einde","power page","child","houden"
"/huis-verkopen-verplichtingen","/verborgen-gebreken-huis","verborgen gebreken na een woningverkoop",". De aparte uitleg over [verborgen gebreken na een woningverkoop](/verborgen-gebreken-huis) beschrijft waarom duidelijke communicatie en bewijs belangrijk zijn.","einde","power page","child","houden"
"/huis-verkopen-zonder-makelaar","/woning-verkopen","manieren om een woning te verkopen",". Vergelijk daarom eerst de verschillende [manieren om een woning te verkopen](/woning-verkopen) voordat je exclusieve afspraken maakt.","intro","support","money","houden"
"/huis-verkopen-zonder-makelaar","/huis-laten-schatten","professionele schatting van je huis",". Begin met een [professionele schatting van je huis](/huis-laten-schatten) en vergelijk de onderbouwing met recente panden uit dezelfde omgeving.","intro","support","money","houden"
"/huis-verkopen-zonder-makelaar","/huis-verkopen-verplichtingen/epc","Geldig EPC","| [Geldig EPC](/huis-verkopen-verplichtingen/epc) | Vóór de tekoopstelling | Vermeld het label of de energiescore in iedere advertentie |","midden","support","child","houden"
"/huis-verkopen-zonder-makelaar","/huis-verkopen-verplichtingen/bodemattest","Bodemattest","| [Bodemattest](/huis-verkopen-verplichtingen/bodemattest) | Bij de overdracht | De Openbare Vlaamse Afvalstoffenmaatschappij geeft aan welke bodeminformatie bekend is |","midden","support","child","houden"
"/huis-verkopen-zonder-makelaar","/huis-verkopen-verplichtingen/elektriciteitskeuring","Elektrische keuring","| [Elektrische keuring](/huis-verkopen-verplichtingen/elektriciteitskeuring) | Bij een oudere huishoudelijke installatie | Een negatief verslag verhindert de verkoop op zichzelf niet |","midden","support","child","houden"
"/huis-verkopen-zonder-makelaar","/huis-verkopen-verplichtingen/asbestattest","Asbestattest","| [Asbestattest](/huis-verkopen-verplichtingen/asbestattest) | Normaal bij een toegankelijk gebouw van voor 2001 | Bezorg het uiterlijk bij de ondertekening van de verkoopovereenkomst |","midden","support","child","houden"
"/huis-verkopen-zonder-makelaar","/postinterventiedossier","Postinterventiedossier","| [Postinterventiedossier](/postinterventiedossier) | Bij relevante werken door aannemers sinds mei 2001 | Draag het technische dossier over aan de koper |","midden","support","child","houden"
"/huis-verkopen-zonder-makelaar","/huis-verkopen-verplichtingen/mazouttank","Attest stookolietank","| [Attest stookolietank](/huis-verkopen-verplichtingen/mazouttank) | Wanneer een mazouttank aanwezig is | Controleer gewestelijke voorwaarden en keuringsstatus |","midden","support","child","houden"
"/huis-verkopen-zonder-makelaar","/syndicus","Informatie van de syndicus","| [Informatie van de syndicus](/syndicus) | Bij een appartement | Denk aan lasten, reservefonds, procedures en geplande werken |","midden","support","child","houden"
"/huis-verkopen-zonder-makelaar","/huis-zelf-verkopen-documenten","documentenchecklist voor zelfverkopers","De [documentenchecklist voor zelfverkopers](/huis-zelf-verkopen-documenten) behandelt ieder document afzonderlijk.","midden","support","child","houden"
"/huis-verkopen-zonder-makelaar","/huis-verkopen-verplichtingen","verplichtingen bij de verkoop van een huis",". Controleer daarnaast de ruimere [verplichtingen bij de verkoop van een huis](/huis-verkopen-verplichtingen) wanneer de woning een bijzondere juridische of technische situatie heeft.","midden","support","hub","houden"
"/huis-verkopen-zonder-makelaar","/waarde-woning-berekenen","online waardeberekening van de woning","Combineer een [online waardeberekening van de woning](/waarde-woning-berekenen) met lokale referentiepanden en minstens één onderbouwde waardebepaling.","midden","support","child","houden"
"/huis-verkopen-zonder-makelaar","/huis-verkopen-met-makelaar","erkende vastgoedmakelaar",". Wie ver van de woning woont of de opvolging niet consequent kan uitvoeren, kan alsnog baat hebben bij een [erkende vastgoedmakelaar](/huis-verkopen-met-makelaar).","midden","support","child","houden"
"/huis-verkopen-zonder-makelaar","/compromis-verkoop-huis","compromis bij de woningverkoop",". Noem het [compromis bij de woningverkoop](/compromis-verkoop-huis) daarom niet voorlopig of vrijblijvend.","midden","support","child","houden"
"/huis-verkopen-zonder-makelaar","/verkoop-uit-de-hand","huis via de notaris verkoopt","Wil je zelf een koper zoeken maar de juridische begeleiding centraliseren, vergelijk dan ook hoe je een [huis via de notaris verkoopt](/verkoop-uit-de-hand).","midden","support","child","houden"
"/huis-verkopen-zonder-makelaar","/kosten-vastgoedmakelaar","kosten van een vastgoedmakelaar",". Vergelijk de volledige dienstverlening met de [kosten van een vastgoedmakelaar](/kosten-vastgoedmakelaar) en bereken ook de andere [kosten bij de verkoop van een huis](/kosten-verkoop-huis).","midden","support","money","houden"
"/huis-verkopen-zonder-makelaar","/kosten-verkoop-huis","kosten bij de verkoop van een huis",". Vergelijk de volledige dienstverlening met de [kosten van een vastgoedmakelaar](/kosten-vastgoedmakelaar) en bereken ook de andere [kosten bij de verkoop van een huis](/kosten-verkoop-huis).","midden","support","child","houden"
"/huis-verkopen-zonder-makelaar","/huis-verkopen-nieuw-kopen","een huis verkopen en een nieuw huis kopen",". De gids over [een huis verkopen en een nieuw huis kopen](/huis-verkopen-nieuw-kopen) helpt om die volgorde te structureren.","einde","support","child","houden"
"/huis-zelf-verkopen-documenten","/huis-verkopen-verplichtingen","verplichtingen en attesten bij woningverkoop",". De algemene wettelijke hoofdbron op de website blijft het overzicht van alle [verplichtingen en attesten bij woningverkoop](/huis-verkopen-verplichtingen).","intro","support","hub","houden"
"/huis-zelf-verkopen-documenten","/postinterventiedossier","postinterventiedossier met plannen en technische informatie","Een [postinterventiedossier met plannen en technische informatie](/postinterventiedossier) is verplicht bij woningen die na mei 2001 gebouwd of gerenoveerd zijn door een aannemer.","midden","support","child","houden"
"/huis-zelf-verkopen-documenten","/huis-verkopen-zonder-makelaar","stappenplan voor een huis verkopen zonder makelaar","De commerciële en juridische taken naast het documentendossier staan in het volledige [stappenplan voor een huis verkopen zonder makelaar](/huis-verkopen-zonder-makelaar).","einde","support","child","houden"
"/huis-zelf-verkopen-documenten","/huis-verkopen-met-makelaar","huis verkopen met makelaar",". Twijfel je of je alle documenten en juridische stappen zelf aankunt? Dan is een [huis verkopen met makelaar](/huis-verkopen-met-makelaar) een veiliger keuze.","einde","support","child","houden"
"/huurcontract-1-jaar","/welke-verzekeringen-zijn-verplicht-als-huurder","verzekeringen die voor een huurder verplicht of contractueel vereist zijn",". de [verzekeringen die voor een huurder verplicht of contractueel vereist zijn](/welke-verzekeringen-zijn-verplicht-als-huurder).","midden","support","child","houden"
"/huurcontract-1-jaar","/huurcontract-1-jaar-opzeggen-door-verhuurder","huurcontract van één jaar opzeggen door de verhuurder",". Bekijk voor de andere partij afzonderlijk de regels over een [huurcontract van één jaar opzeggen door de verhuurder](/huurcontract-1-jaar-opzeggen-door-verhuurder).","midden","support","child","houden"
"/huurcontract-1-jaar","/huurcontract-niet-geregistreerd","niet-geregistreerd huurcontract",". De aparte gids over een [niet-geregistreerd huurcontract](/huurcontract-niet-geregistreerd) behandelt ook de gevolgen tegenover een koper.","midden","support","child","houden"
"/huurcontract-1-jaar","/huurprijs-berekenen","huurprijs te berekenen",". Wie een marktconforme startprijs wil bepalen, kan de woningkenmerken en ligging gebruiken om de [huurprijs te berekenen](/huurprijs-berekenen).","midden","support","child","houden"
"/huurcontract-1-jaar","/huis-kopen-om-te-verhuren","huis te kopen en te verhuren",". Wie een investeringspand overweegt, verwerkt de gekozen huurstrategie ook in het plan om een [huis te kopen en te verhuren](/huis-kopen-om-te-verhuren).","einde","support","child","houden"
"/huurcontract-niet-geregistreerd","/compromis-verkoop-huis","compromis",". Daardoor kan het verkoopproces vertragen of kan een koper voorwaarden toevoegen aan de [compromis](/compromis-verkoop-huis).","midden","support","child","houden"
"/huurcontract-niet-geregistreerd","/asbestattest","asbestattest","Het [asbestattest](/asbestattest) is in Vlaanderen verplicht bij de verkoop van gebouwen met bouwjaar 2000 of vroeger.","einde","support","child","houden"
"/huurcontract-niet-geregistreerd","/huis-verkopen-verplichtingen/bodemattest","bodemattest",". Bij verkoop komen ook het [bodemattest](/huis-verkopen-verplichtingen/bodemattest) en de [elektriciteitskeuring](/huis-verkopen-verplichtingen/elektriciteitskeuring) kijken.","einde","support","child","houden"
"/huurcontract-niet-geregistreerd","/huis-verkopen-verplichtingen/elektriciteitskeuring","elektriciteitskeuring",". Bij verkoop komen ook het [bodemattest](/huis-verkopen-verplichtingen/bodemattest) en de [elektriciteitskeuring](/huis-verkopen-verplichtingen/elektriciteitskeuring) kijken.","einde","support","child","houden"
"/huurkoop-woning","/kosten-vastgoedmakelaar","kosten van een vastgoedmakelaar",". Meer over de tarieven lees je bij [kosten van een vastgoedmakelaar](/kosten-vastgoedmakelaar).","midden","support","money","houden"
"/huurkoop-woning","/optie-nemen-op-huis","een optie nemen op een huis","Wil je enkel een periode bedenktijd zonder verplichting, kijk dan ook naar [een optie nemen op een huis](/optie-nemen-op-huis).","midden","support","child","houden"
"/huurkoop-woning","/notariskosten-verkoop-huis","notariskosten bij verkoop van een huis","Een gedetailleerd overzicht van de aktekosten vind je bij [notariskosten bij verkoop van een huis](/notariskosten-verkoop-huis).","midden","support","child","houden"
"/huurkoop-woning","/huis-verkopen-verplichtingen","de verplichtingen bij verkoop van een huis",". Een volledig overzicht van alle attesten staat bij [de verplichtingen bij verkoop van een huis](/huis-verkopen-verplichtingen).","midden","support","hub","houden"
"/huurkoop-woning","/registratierechten","registratierechten in Vlaanderen",". Meer detail lees je bij [registratierechten in Vlaanderen](/registratierechten).","einde","support","child","houden"
"/huurprijs-berekenen","/gemeenschappelijke-kosten-appartement-huurder","gemeenschappelijke kosten appartement huurder",". Meer daarover lees je bij [gemeenschappelijke kosten appartement huurder](/gemeenschappelijke-kosten-appartement-huurder).","midden","support","child","houden"
"/huurprijs-berekenen","/huurcontract-niet-geregistreerd","huurcontract niet geregistreerd","Wat er precies gebeurt als de registratie uitblijft, staat beschreven bij [huurcontract niet geregistreerd](/huurcontract-niet-geregistreerd).","midden","support","child","houden"
"/hypothecair-mandaat","/huis-laten-schatten","schatting van je woning",". Een realistische [schatting van je woning](/huis-laten-schatten) geeft een sterker onderhandelingsdossier bij de bank.","einde","support","money","houden"
"/hypothecair-mandaat","/waarde-woning-berekenen","waardebepaling van je woning",". Voor een sterk kredietdossier begin je best met een correcte [waardebepaling van je woning](/waarde-woning-berekenen).","einde","support","child","houden"
"/hypothecaire-volmacht","/registratierechten","registratierechten in Vlaanderen",". Meer daarover lees je op de pagina over [registratierechten in Vlaanderen](/registratierechten).","midden","support","child","houden"
"/kadastraal-inkomen-appartement","/huis-laten-schatten","schatten",". Voor een correcte inschatting van de waarde laat je het appartement best [schatten](/huis-laten-schatten) of bereken je de [waarde van de woning](/waarde-woning-berekenen).","einde","support","money","houden"
"/kadastraal-inkomen-appartement","/waarde-woning-berekenen","waarde van de woning",". Voor een correcte inschatting van de waarde laat je het appartement best [schatten](/huis-laten-schatten) of bereken je de [waarde van de woning](/waarde-woning-berekenen).","einde","support","child","houden"
"/kamer-verhuren-in-eigen-huis","/huurcontract-niet-geregistreerd","niet-geregistreerd huurcontract",". Meer over het correct registreren lees je op de pagina over een [niet-geregistreerd huurcontract](/huurcontract-niet-geregistreerd).","midden","support","child","houden"
"/kamer-verhuren-in-eigen-huis","/huis-verkopen-met-makelaar","huis verkopen met makelaar",". Lees ook meer over [huis verkopen met makelaar](/huis-verkopen-met-makelaar).","einde","support","child","houden"
"/kosten-vastgoedmakelaar","/asbestattest","Asbestattest bij verkoop","* [Asbestattest bij verkoop](/asbestattest)","einde","money","child","houden"
"/kosten-vastgoedmakelaar","/huis-verkopen-verplichtingen","EPC en keuringen","* [EPC en keuringen](/huis-verkopen-verplichtingen)","einde","money","hub","houden"
"/kosten-vastgoedmakelaar","/notariskosten-verkoop-huis","Notariskosten bij verkoop","* [Notariskosten bij verkoop](/notariskosten-verkoop-huis)","einde","money","child","houden"
"/kosten-vastgoedmakelaar","/kantoor","kantorengids",". Gebruik de [kantorengids](/kantoor) om profielen eerst op vestiging, werkingsgebied, diensten, BIV-vermelding en beschikbare reviewdata te vergelijken.","einde","money","money","houden"
"/kosten-verkoop-huis","/kosten-vastgoedmakelaar","kosten van een vastgoedmakelaar",". De aparte gids over [kosten van een vastgoedmakelaar](/kosten-vastgoedmakelaar) legt de verschillende tariefformules verder uit.","midden","power page","money","houden"
"/kosten-verkoop-huis","/huis-verkopen-verplichtingen","checklist met verplichtingen bij woningverkoop","De uitgebreide [checklist met verplichtingen bij woningverkoop](/huis-verkopen-verplichtingen) helpt bepalen welke documenten je werkelijk nodig hebt.","midden","power page","hub","houden"
"/kosten-verkoop-huis","/wederbeleggingsvergoeding","wederbeleggingsvergoeding","Bij vervroegde terugbetaling kan de bank een [wederbeleggingsvergoeding](/wederbeleggingsvergoeding) aanrekenen volgens de kredietovereenkomst en toepasselijke regels.","midden","power page","child","houden"
"/kosten-verkoop-huis","/lening-overzetten-op-ander-huis","lening overzetten naar een ander huis","Een pandwissel of [lening overzetten naar een ander huis](/lening-overzetten-op-ander-huis) kan in sommige situaties een alternatief zijn voor volledige doorhaling en nieuwe kredietvestiging.","midden","power page","child","houden"
"/kosten-verkoop-huis","/notariskosten-verkoop-huis","notariskosten bij verkoop van een huis","De pagina over [notariskosten bij verkoop van een huis](/notariskosten-verkoop-huis) behandelt de aktekosten uitgebreider.","midden","power page","child","houden"
"/kosten-verkoop-huis","/verkoop-uit-de-hand","verkoop uit de hand",". Verkoop je via een notaris, lees dan ook hoe een [verkoop uit de hand](/verkoop-uit-de-hand) juridisch wordt voorbereid.","midden","power page","child","houden"
"/kosten-verkoop-huis","/meerwaardebelasting-vastgoed","meerwaardebelasting op vastgoed",". Gebruik de gids over [meerwaardebelasting op vastgoed](/meerwaardebelasting-vastgoed) als vertrekpunt en laat je persoonlijke situatie controleren.","midden","power page","child","houden"
"/kosten-verkoop-huis","/onroerende-voorheffing","onroerende voorheffing bij verkoop",". Lees meer over de [onroerende voorheffing bij verkoop](/onroerende-voorheffing).","midden","power page","child","houden"
"/kosten-verkoop-huis","/huis-verkopen-nieuw-kopen","huis verkopen en nieuw kopen",". De gids [huis verkopen en nieuw kopen](/huis-verkopen-nieuw-kopen) helpt de timing vergelijken.","midden","power page","child","houden"
"/kosten-verkoop-huis","/huis-verkopen-zonder-makelaar","huis verkopen zonder makelaar","De volledige praktische aanpak staat in [huis verkopen zonder makelaar](/huis-verkopen-zonder-makelaar).","einde","power page","child","houden"
"/kosten-verkoop-huis","/huis-verkopen-met-makelaar","huis verkopen met een makelaar",". Wie begeleiding wil inschakelen, kan de stappen bij [huis verkopen met een makelaar](/huis-verkopen-met-makelaar) vergelijken.","einde","power page","child","houden"
"/lijfrente-huis-kopen","/huurkoop-woning","huurkoop woning",". Meer over verwante formules lees je bij [huurkoop woning](/huurkoop-woning) en [erfpacht](/erfpacht).","einde","support","child","houden"
"/lijfrente-huis-kopen","/erfpacht","erfpacht",". Meer over verwante formules lees je bij [huurkoop woning](/huurkoop-woning) en [erfpacht](/erfpacht).","einde","support","child","houden"
"/miserietaks","/huis-laten-schatten","huis laten schatten",". Wil je zeker zijn van een actuele waarde, laat de woning dan schatten voor je de verdeling regelt via [huis laten schatten](/huis-laten-schatten).","midden","support","money","houden"
"/miserietaks","/lening-overzetten-op-ander-huis","lening overzetten op ander huis","- Je neemt het bestaande krediet over op één naam, bijvoorbeeld via [lening overzetten op ander huis](/lening-overzetten-op-ander-huis).","einde","support","child","houden"
"/mobiscore","/huis-laten-schatten","schatting van je woning","Wil je weten wat je woning waard is, dan houdt een [schatting van je woning](/huis-laten-schatten) rekening met de ligging, de staat, de oppervlakte en de energiescore samen.","midden","support","money","houden"
"/mobiscore","/huis-verkopen-verplichtingen/epc","EPC","Het verschil tussen de mobiscore en het [EPC](/huis-verkopen-verplichtingen/epc) is het onderwerp dat ze meten.","midden","support","child","houden"
"/nieuwbouw-kopen-waar-op-letten","/sleutel-op-de-deur-woning","sleutel-op-de-deurwoning","Wie één firma het volledige traject laat coördineren, vergelijkt ook de contractuele en financiële aandachtspunten van een [sleutel-op-de-deurwoning](/sleutel-op-de-deur-woning).","intro","support","child","houden"
"/nieuwbouw-kopen-waar-op-letten","/prijs-bouwgrond-berekenen","prijs van een bouwgrond",". Reken de [prijs van een bouwgrond](/prijs-bouwgrond-berekenen) apart mee als het grondaandeel nog niet in de prijs zit.","midden","support","child","houden"
"/nieuwbouw-kopen-waar-op-letten","/eigen-inbreng-lening-bij-aankoop-woning","eigen inbreng",". Bekijk vooraf hoeveel [eigen inbreng](/eigen-inbreng-lening-bij-aankoop-woning) je nodig hebt en hoe de bouwrente je maandbudget beïnvloedt tijdens de bouwperiode.","midden","support","child","houden"
"/nieuwbouw-kopen-waar-op-letten","/registratierechten","registratierechten",". Het nadeel is de fiscale behandeling: op nieuwbouw betaal je 21% btw op de constructiewaarde, terwijl je bij een bestaande woning [registratierechten](/registratierechten) betaalt.","einde","support","child","houden"
"/notariskosten-verkoop-huis","/notariskosten-verkoop-huis/wie-betaalt","wie betaalt de notariskosten",". Meer details lees je op de pagina [wie betaalt de notariskosten](/notariskosten-verkoop-huis/wie-betaalt).","midden","support","child","houden"
"/notariskosten-verkoop-huis","/registratierechten","registratierechten",". Meer lees je op de pagina [registratierechten](/registratierechten).","einde","support","child","houden"
"/notariskosten-verkoop-huis","/kosten-verkoop-huis","kosten bij verkoop van een huis",". Een volledig overzicht van de verkoperskosten vind je op [kosten bij verkoop van een huis](/kosten-verkoop-huis).","einde","support","child","houden"
"/onderverhuren","/huurcontract-niet-geregistreerd","niet-geregistreerd huurcontract",". Lees meer over een [niet-geregistreerd huurcontract](/huurcontract-niet-geregistreerd).","midden","support","child","houden"
"/onderverhuren","/welke-verzekeringen-zijn-verplicht-als-huurder","verzekeringen verplicht zijn als huurder",". Bekijk ook welke [verzekeringen verplicht zijn als huurder](/welke-verzekeringen-zijn-verplicht-als-huurder).","midden","support","child","houden"
"/onderverhuren","/huurprijs-berekenen","huurprijs berekent",". Hulp nodig bij een correcte prijs? Bekijk hoe je een [huurprijs berekent](/huurprijs-berekenen).","midden","support","child","houden"
"/onderverhuren","/huis-kopen-om-te-verhuren","kopen om te verhuren",". Overweeg je te [kopen om te verhuren](/huis-kopen-om-te-verhuren), controleer dan de bestaande huur- en onderhuurcontracten.","einde","support","child","houden"
"/onroerende-voorheffing","/kadastraal-inkomen-appartement","kadastraal inkomen van een appartement","Het [kadastraal inkomen van een appartement](/kadastraal-inkomen-appartement) is dus niet hetzelfde als de uiteindelijke belasting.","intro","support","child","houden"
"/onroerende-voorheffing","/kadastraal-inkomen-berekenen-na-verbouwing","kadastraal inkomen na een verbouwing berekent",". Lees daarom ook hoe je het [kadastraal inkomen na een verbouwing berekent](/kadastraal-inkomen-berekenen-na-verbouwing).","midden","support","child","houden"
"/onroerende-voorheffing","/kosten-verkoop-huis","kosten bij de verkoop van een huis","De onroerende voorheffing is één onderdeel van de bredere [kosten bij de verkoop van een huis](/kosten-verkoop-huis).","midden","support","child","houden"
"/onroerende-voorheffing","/huis-kopen-om-te-verhuren","huis kopen om te verhuren",". Bekijk naast deze belasting ook de aandachtspunten bij een [huis kopen om te verhuren](/huis-kopen-om-te-verhuren).","einde","support","child","houden"
"/onroerende-voorheffing","/belasting-tweede-verblijf-vermijden","belasting op een tweede verblijf",". Lees daarom afzonderlijk hoe de [belasting op een tweede verblijf](/belasting-tweede-verblijf-vermijden) werkt.","einde","support","child","houden"
"/opschortende-voorwaarde","/compromis-verkoop-huis","compromis verkoop huis","Voor meer over het bindende karakter van de verkoop lees je [compromis verkoop huis](/compromis-verkoop-huis).","einde","support","child","houden"
"/opschortende-voorwaarde","/minimum-tijd-tussen-compromis-en-akte","minimum tijd tussen compromis en akte",". Wil je weten hoeveel tijd er tussen compromis en akte mag zitten, bekijk dan [minimum tijd tussen compromis en akte](/minimum-tijd-tussen-compromis-en-akte).","einde","support","child","houden"
"/opschortende-voorwaarde","/registratierechten/eerste-woning","registratierechten eerste woning",". Meer over de tarieven vind je bij [registratierechten eerste woning](/registratierechten/eerste-woning).","einde","support","child","houden"
"/optie-nemen-op-huis","/opschortende-voorwaarde","opschortende voorwaarde",". Meer hierover lees je op de pagina over de [opschortende voorwaarde](/opschortende-voorwaarde).","midden","support","child","houden"
"/ouderlijk-huis-verkopen-voor-overlijden","/huis-laten-schatten","een huis laten schatten","Meer uitleg over de waardering vind je bij [een huis laten schatten](/huis-laten-schatten).","midden","support","money","houden"
"/ouderlijk-huis-verkopen-voor-overlijden","/huis-schenken-aan-kinderen","een huis schenken aan kinderen",". Wil je eigendom zonder verkoopprijs overdragen, lees dan hoe [een huis schenken aan kinderen](/huis-schenken-aan-kinderen) werkt.","midden","support","child","houden"
"/ouderlijk-huis-verkopen-voor-overlijden","/erfenis-huis-ouders","erfenis van het huis van je ouders","Lees voor de volledige erfrechtelijke situatie verder bij [erfenis van het huis van je ouders](/erfenis-huis-ouders).","midden","support","child","houden"
"/ouderlijk-huis-verkopen-voor-overlijden","/huis-verkopen-met-meerdere-erfgenamen","een huis verkopen met meerdere erfgenamen","De aparte gids over [een huis verkopen met meerdere erfgenamen](/huis-verkopen-met-meerdere-erfgenamen) behandelt dit conflict uitgebreider.","einde","support","child","houden"
"/ouderlijk-huis-verkopen-voor-overlijden","/woning-verkopen","woningverkoop",". De verkoop zelf verloopt verder volgens dezelfde stappen als bij een gewone [woningverkoop](/woning-verkopen).","einde","support","money","houden"
"/overhangende-takken-buur","/huis-verkopen-verplichtingen","verplichtingen bij verkoop van een woning",". Meer lees je bij de [verplichtingen bij verkoop van een woning](/huis-verkopen-verplichtingen).","einde","support","hub","houden"
"/plaatsbeschrijving","/huurcontract-niet-geregistreerd","huurcontract niet",". Registreer je het [huurcontract niet](/huurcontract-niet-geregistreerd), dan verliest het zijn vaste datum tegenover derden en krijgt de huurder extra rechten.","midden","support","child","houden"
"/postinterventiedossier","/huis-verkopen-verplichtingen","verplichtingen bij de verkoop van een huis",". Controleer daarom ook de andere [verplichtingen bij de verkoop van een huis](/huis-verkopen-verplichtingen), zoals het energieprestatiecertificaat, het bodemattest en eventueel het asbestattest.","einde","money","hub","houden"
"/prijs-bouwgrond-berekenen","/registratierechten","registratierechten",". Meer lees je op de pagina over [registratierechten](/registratierechten).","midden","support","child","houden"
"/prijs-bouwgrond-berekenen","/sleutel-op-de-deur-woning","sleutel-op-de-deur woning",". Een [sleutel-op-de-deur woning](/sleutel-op-de-deur-woning) geeft je vooraf een vaste totaalprijs.","midden","support","child","houden"
"/registratierechten","/notariskosten-verkoop-huis","notariskosten bij aankoop","Voor een volledig overzicht van de kosten bij aankoop lees je meer op [notariskosten bij aankoop](/notariskosten-verkoop-huis).","einde","support","child","houden"
"/registratierechten","/registratierechten/eerste-woning","registratierechten voor de eerste woning",". Wil je verdiepen in jouw specifieke situatie, lees dan meer over de [registratierechten voor de eerste woning](/registratierechten/eerste-woning) en de [registratierechten voor een tweede woning](/registratierechten/tweede-woning).","einde","support","child","houden"
"/registratierechten","/registratierechten/tweede-woning","registratierechten voor een tweede woning",". Wil je verdiepen in jouw specifieke situatie, lees dan meer over de [registratierechten voor de eerste woning](/registratierechten/eerste-woning) en de [registratierechten voor een tweede woning](/registratierechten/tweede-woning).","einde","support","child","houden"
"/renovatielening","/hoeveel-kost-een-totaalrenovatie","totaalrenovatie","Je kunt de lening inzetten voor uiteenlopende werken, van een nieuwe keuken of badkamer tot dakisolatie, ramen, een warmtepomp of een volledige [totaalrenovatie](/hoeveel-kost-een-totaalrenovatie).","intro","support","child","houden"
"/renovatielening","/heropname-lening","heropname van je bestaande lening","Een [heropname van je bestaande lening](/heropname-lening) kan interessant zijn omdat je geen nieuwe hypotheek hoeft te vestigen.","midden","support","child","houden"
"/renovatielening","/renteloos-renovatiekrediet","renteloos renovatiekrediet",". Ook een [renteloos renovatiekrediet](/renteloos-renovatiekrediet) kan in bepaalde gevallen mogelijk zijn.","midden","support","child","houden"
"/renovatielening","/renovatieplicht-bestaande-woning","renovatieplicht","Door meteen bij de aankoop een renovatiebudget te voorzien, kun je de [renovatieplicht](/renovatieplicht-bestaande-woning) tijdig uitvoeren en de energiescore van de woning verbeteren.","einde","support","child","houden"
"/renovatieplicht-2030","/epc-waarde-verlagen","EPC-waarde verlagen",". Kijk ook naar de pagina [EPC-waarde verlagen](/epc-waarde-verlagen) voor de ingrepen met de grootste impact.","midden","support","child","houden"
"/renovatieplicht-2030","/kosten-vastgoedmakelaar","kosten vastgoedmakelaar",". Kijk voor de tarieven op de pagina [kosten vastgoedmakelaar](/kosten-vastgoedmakelaar).","einde","support","money","houden"
"/renovatieplicht-bestaande-woning","/hoeveel-kost-een-totaalrenovatie","hoeveel kost een totaalrenovatie",". Meer richting geeft [hoeveel kost een totaalrenovatie](/hoeveel-kost-een-totaalrenovatie).","midden","support","child","houden"
"/renovatieplicht-bestaande-woning","/huis-laten-schatten","schatten",". Wil je weten wat jouw woning waard is met of zonder werken, laat ze dan [schatten](/huis-laten-schatten) door een bij het BIV erkende vastgoedmakelaar.","einde","support","money","houden"
"/renovatieplicht-bestaande-woning","/epc-waarde-verlagen","EPC-waarde kan verlagen",". Wil je je EPC-score verbeteren, lees dan hoe je de [EPC-waarde kan verlagen](/epc-waarde-verlagen).","einde","support","child","houden"
"/sleutel-op-de-deur-woning","/staalbouw-woning","staalbouw woning","Meer uitleg lees je op [staalbouw woning](/staalbouw-woning) en [modulair bouwen](/modulair-bouwen).","einde","support","child","houden"
"/sleutel-op-de-deur-woning","/modulair-bouwen","modulair bouwen","Meer uitleg lees je op [staalbouw woning](/staalbouw-woning) en [modulair bouwen](/modulair-bouwen).","einde","support","child","houden"
"/staalbouw-woning","/epc-waarde-verlagen","EPC-waarde kunt verlagen",". Wil je je energieprestatie nadien verbeteren, lees dan hoe je de [EPC-waarde kunt verlagen](/epc-waarde-verlagen).","midden","support","child","houden"
"/staalbouw-woning","/huis-verkopen-verplichtingen","verplichtingen bij verkoop van een huis",". Meer detail vind je bij de [verplichtingen bij verkoop van een huis](/huis-verkopen-verplichtingen).","midden","support","hub","houden"
"/staalbouw-woning","/huis-laten-schatten","huis schatten",". Wil je weten wat je woning waard is, laat dan je [huis schatten](/huis-laten-schatten).","einde","support","money","houden"
"/staalbouw-woning","/bouwen-of-verbouwen","bouwen of verbouwen",". Overweeg je tussen nieuwbouw en aanpassing, lees dan de gids over [bouwen of verbouwen](/bouwen-of-verbouwen).","einde","support","child","houden"
"/successierechten-vermijden","/huis-laten-schatten","schatten",". Laat je woning [schatten](/huis-laten-schatten) om te weten waar je staat.","midden","support","money","houden"
"/successierechten-vermijden","/ouderlijk-huis-verkopen-voor-overlijden","ouderlijk huis verkopen voor overlijden",". Lees meer over het [ouderlijk huis verkopen voor overlijden](/ouderlijk-huis-verkopen-voor-overlijden) of het [verkopen met meerdere erfgenamen](/huis-verkopen-met-meerdere-erfgenamen).","einde","support","child","houden"
"/successierechten-vermijden","/huis-verkopen-met-meerdere-erfgenamen","verkopen met meerdere erfgenamen",". Lees meer over het [ouderlijk huis verkopen voor overlijden](/ouderlijk-huis-verkopen-voor-overlijden) of het [verkopen met meerdere erfgenamen](/huis-verkopen-met-meerdere-erfgenamen).","einde","support","child","houden"
"/successierechten-woning","/huis-laten-schatten","schatten",". Een correcte, actuele waarde is belangrijk: laat je woning [schatten](/huis-laten-schatten) om te weten in welke schijf de erfenis valt.","einde","support","money","houden"
"/successierechten-woning","/successierechten-vermijden","successierechten vermijden",". Lees de gids over [successierechten vermijden](/successierechten-vermijden) voor de concrete opties, en laat de keuze toetsen door een notaris.","einde","support","child","houden"
"/tuinhuis-zonder-vergunning","/huis-verkopen-verplichtingen","huis verkopen: verplichtingen",". Meer over je verplichtingen lees je in [huis verkopen: verplichtingen](/huis-verkopen-verplichtingen).","einde","support","hub","houden"
"/tuinhuis-zonder-vergunning","/verbouwen-zonder-vergunning","verbouwen zonder vergunning",". Twijfel je, controleer dan eerst de regels bij je gemeente en bekijk ook [verbouwen zonder vergunning](/verbouwen-zonder-vergunning) om je hele project juist in te schatten.","einde","support","child","houden"
"/vanaf-hoe-laat-mag-je-lawaai-maken","/verbouwen-zonder-vergunning","omgevingsvergunning nodig is voor de verbouwing","Wie grotere werkzaamheden plant, controleert best vooraf of een [omgevingsvergunning nodig is voor de verbouwing](/verbouwen-zonder-vergunning).","midden","support","child","houden"
"/vanaf-hoe-laat-mag-je-lawaai-maken","/bouwen-of-verbouwen","bouwen of verbouwen","Ga je uitgebreid [bouwen of verbouwen](/bouwen-of-verbouwen), spreek dan ook duidelijke werkuren af met de aannemer.","einde","support","child","houden"
"/vastgoedkantoren/antwerpen","/huis-verkopen-met-makelaar","een huis verkopen met een makelaar","Wie het volledige verkoopproces wil begrijpen, vindt de stappen en verantwoordelijkheden bij [een huis verkopen met een makelaar](/huis-verkopen-met-makelaar).","midden","support","child","houden"
"/vastgoedkantoren/antwerpen","/huis-laten-schatten","een woning laten schatten",". De gids over [een woning laten schatten](/huis-laten-schatten) legt uit hoe je een marktwaarde en een formeel schattingsverslag van elkaar onderscheidt.","midden","support","money","houden"
"/vastgoedkantoren/antwerpen","/kosten-vastgoedmakelaar","kosten van een vastgoedmakelaar",". Op de pagina over de [kosten van een vastgoedmakelaar](/kosten-vastgoedmakelaar) vind je de kostenopbouw en een rekentool om voorstellen op dezelfde basis te vergelijken.","einde","support","money","houden"
"/vastgoedkantoren/antwerpen","/huis-verkopen-zonder-makelaar","zelf een woning verkopen","Wie twijfelt tussen zelf verkopen en volledige begeleiding kan ook de vereisten voor [zelf een woning verkopen](/huis-verkopen-zonder-makelaar) naast de offertes leggen.","einde","support","child","houden"
"/vastgoedkantoren/limburg/heusden-zolder","/kosten-vastgoedmakelaar","kosten van een vastgoedmakelaar","Gebruik bij de financiële vergelijking de uitleg over de [kosten van een vastgoedmakelaar](/kosten-vastgoedmakelaar).","midden","support","money","houden"
"/vastgoedkantoren/limburg/heusden-zolder","/waarde-woning-berekenen","eerste berekening van de woningwaarde",". Combineer daarom een [eerste berekening van de woningwaarde](/waarde-woning-berekenen) met bezoeken van lokale professionals.","midden","support","child","houden"
"/vastgoedkantoren/limburg/heusden-zolder","/huis-verkopen-verplichtingen","verplichtingen bij woningverkoop",". De [verplichtingen bij woningverkoop](/huis-verkopen-verplichtingen) helpen om te controleren wat nog ontbreekt.","midden","support","hub","houden"
"/vastgoedkantoren/limburg/heusden-zolder","/vastgoedkantoren/limburg","vastgoedkantoren in Limburg",". Bekijk daarnaast het bredere overzicht van [vastgoedkantoren in Limburg](/vastgoedkantoren/limburg).","einde","support","child","houden"
"/vastgoedkantoren/limburg","/kosten-vastgoedmakelaar","kosten van een vastgoedmakelaar",". Meer detail vind je op de pagina over de [kosten van een vastgoedmakelaar](/kosten-vastgoedmakelaar).","einde","support","money","houden"
"/vastgoedkantoren/limburg","/huis-verkopen-met-makelaar","een huis verkoopt met een makelaar","Overweeg je om te verkopen, lees dan ook hoe je [een huis verkoopt met een makelaar](/huis-verkopen-met-makelaar) en hoe je je woning eerst laat [schatten](/huis-laten-schatten).","einde","support","child","houden"
"/vastgoedkantoren/limburg","/huis-laten-schatten","schatten","Overweeg je om te verkopen, lees dan ook hoe je [een huis verkoopt met een makelaar](/huis-verkopen-met-makelaar) en hoe je je woning eerst laat [schatten](/huis-laten-schatten).","einde","support","money","houden"
"/vastgoedkantoren/vlaams-brabant","/huis-verkopen-met-makelaar","huis verkopen met makelaar","Meer over de begeleiding bij verkoop lees je op [huis verkopen met makelaar](/huis-verkopen-met-makelaar).","intro","support","child","houden"
"/vastgoedkantoren/vlaams-brabant","/kosten-vastgoedmakelaar","kosten vastgoedmakelaar","Meer over de opbouw van deze kosten lees je op [kosten vastgoedmakelaar](/kosten-vastgoedmakelaar).","midden","support","money","houden"
"/vastgoedkantoren/vlaams-brabant","/asbestattest","asbestattest",". Meer over de verplichting lees je op [asbestattest](/asbestattest).","midden","support","child","houden"
"/vastgoedkantoren/vlaams-brabant","/huis-verkopen-verplichtingen/asbestattest/gemeenschappelijke-delen","asbestattest voor gemeenschappelijke delen",". Voor de gemeenschappelijke delen van een appartementsgebouw gelden aparte regels; dat lees je op [asbestattest voor gemeenschappelijke delen](/huis-verkopen-verplichtingen/asbestattest/gemeenschappelijke-delen).","einde","support","child","houden"
"/vastgoedkantoren/vlaams-brabant","/registratierechten","registratierechten",". Meer over die tarieven lees je op [registratierechten](/registratierechten) en [notariskosten verkoop huis](/notariskosten-verkoop-huis).","einde","support","child","houden"
"/vastgoedkantoren/vlaams-brabant","/notariskosten-verkoop-huis","notariskosten verkoop huis",". Meer over die tarieven lees je op [registratierechten](/registratierechten) en [notariskosten verkoop huis](/notariskosten-verkoop-huis).","einde","support","child","houden"
"/vastgoedkantoren/vlaams-brabant","/huis-verkopen-zonder-makelaar","stappenplan om zonder makelaar te verkopen",". Vergelijk daarom de offertes van enkele kantoren met het volledige [stappenplan om zonder makelaar te verkopen](/huis-verkopen-zonder-makelaar).","einde","support","child","houden"
"/verkoop-uit-de-hand","/minimum-tijd-tussen-compromis-en-akte","minimum tijd tussen compromis en akte",". Meer hierover lees je bij [minimum tijd tussen compromis en akte](/minimum-tijd-tussen-compromis-en-akte).","intro","support","child","houden"
"/verkoop-uit-de-hand","/huis-verkopen-zonder-makelaar","stappenplan voor verkopen zonder makelaar",". De volledige zelfverkoop staat uitgelegd in het [stappenplan voor verkopen zonder makelaar](/huis-verkopen-zonder-makelaar).","midden","support","child","houden"
"/verkoop-uit-de-hand","/openbare-verkoop-huis","openbare verkoop van een huis","Meer over de veilingprocedure lees je bij [openbare verkoop van een huis](/openbare-verkoop-huis).","midden","support","child","houden"
"/verkoop-uit-de-hand","/kosten-vastgoedmakelaar","kosten van een vastgoedmakelaar",". Meer hierover lees je bij [kosten van een vastgoedmakelaar](/kosten-vastgoedmakelaar).","midden","support","money","houden"
"/verkoop-uit-de-hand","/asbestattest","het asbestattest",". Meer lees je bij [het asbestattest](/asbestattest).","midden","support","child","houden"
"/verkoop-uit-de-hand","/huis-verkopen-verplichtingen","de verplichtingen bij het verkopen van een huis","Een volledig overzicht van alle wettelijke verplichtingen bij verkoop vind je bij [de verplichtingen bij het verkopen van een huis](/huis-verkopen-verplichtingen).","midden","support","hub","houden"
"/verkoop-uit-de-hand","/optie-nemen-op-huis","een optie nemen op een huis",". Meer hierover lees je bij [een optie nemen op een huis](/optie-nemen-op-huis).","einde","support","child","houden"
"/verkoop-uit-de-hand","/kosten-verkoop-huis","de kosten van een huis verkopen",". Meer over de kosten van de verkoper lees je bij [de kosten van een huis verkopen](/kosten-verkoop-huis) en over de notariskosten bij [notariskosten bij verkoop van een huis](/notariskosten-verkoop-huis).","einde","support","child","houden"
"/verkoop-uit-de-hand","/notariskosten-verkoop-huis","notariskosten bij verkoop van een huis",". Meer over de kosten van de verkoper lees je bij [de kosten van een huis verkopen](/kosten-verkoop-huis) en over de notariskosten bij [notariskosten bij verkoop van een huis](/notariskosten-verkoop-huis).","einde","support","child","houden"
"/verkoop-uit-de-hand","/registratierechten","de registratierechten",". Meer lees je bij [de registratierechten](/registratierechten) en [de registratierechten voor de eerste woning](/registratierechten/eerste-woning).","einde","support","child","houden"
"/verkoop-uit-de-hand","/registratierechten/eerste-woning","de registratierechten voor de eerste woning",". Meer lees je bij [de registratierechten](/registratierechten) en [de registratierechten voor de eerste woning](/registratierechten/eerste-woning).","einde","support","child","houden"
"/verkoop-uit-de-hand","/huis-laten-schatten","je huis laten schatten",". Meer lees je bij [je huis laten schatten](/huis-laten-schatten) en [de waarde van je woning berekenen](/waarde-woning-berekenen).","einde","support","money","houden"
"/verkoop-uit-de-hand","/waarde-woning-berekenen","de waarde van je woning berekenen",". Meer lees je bij [je huis laten schatten](/huis-laten-schatten) en [de waarde van je woning berekenen](/waarde-woning-berekenen).","einde","support","child","houden"
"/verschil-erfpacht-en-opstal","/erfpacht","erfpacht",". Wil je hier meer over weten, lees dan ook onze uitleg over [erfpacht](/erfpacht) en over de [registratierechten in Vlaanderen](/registratierechten).","einde","support","child","houden"
"/verschil-erfpacht-en-opstal","/registratierechten","registratierechten in Vlaanderen",". Wil je hier meer over weten, lees dan ook onze uitleg over [erfpacht](/erfpacht) en over de [registratierechten in Vlaanderen](/registratierechten).","einde","support","child","houden"
"/verwarmen-met-airco","/epc-waarde-verlagen","EPC-waarde verlaagt",". Wil je gericht werken aan een beter energielabel, lees dan hoe je je [EPC-waarde verlaagt](/epc-waarde-verlagen) en welke [renovatieplicht](/renovatieplicht-bestaande-woning) mogelijk op je woning van toepassing is.","einde","support","child","houden"
"/verwarmen-met-airco","/renovatieplicht-bestaande-woning","renovatieplicht",". Wil je gericht werken aan een beter energielabel, lees dan hoe je je [EPC-waarde verlaagt](/epc-waarde-verlagen) en welke [renovatieplicht](/renovatieplicht-bestaande-woning) mogelijk op je woning van toepassing is.","einde","support","child","houden"
"/voorkooprecht-betekenis","/erfpacht","erfpacht","Wie meer wil weten over aanverwante zakelijke rechten, leest de uitleg over [erfpacht](/erfpacht) of over de [verkoop uit de hand](/verkoop-uit-de-hand).","einde","support","child","houden"
"/voorkooprecht-betekenis","/verkoop-uit-de-hand","verkoop uit de hand","Wie meer wil weten over aanverwante zakelijke rechten, leest de uitleg over [erfpacht](/erfpacht) of over de [verkoop uit de hand](/verkoop-uit-de-hand).","einde","support","child","houden"
"/waarde-woning-berekenen","/huis-laten-schatten","professionele schatting",". Een [professionele schatting](/huis-laten-schatten) blijft nodig zodra de waarde juridische of financiële gevolgen heeft.","midden","support","money","houden"
"/waarde-woning-berekenen","/epc-waarde-verlagen","EPC-waarde kan verlagen",". Wil je je label verbeteren, lees dan hoe je je [EPC-waarde kan verlagen](/epc-waarde-verlagen).","einde","support","child","houden"
"/waarde-woning-berekenen","/kosten-vastgoedmakelaar","kosten vastgoedmakelaar",". Meer over de tarieven lees je bij [kosten vastgoedmakelaar](/kosten-vastgoedmakelaar).","einde","support","money","houden"
"/wederbeleggingsvergoeding","/huis-verkopen-na-1-jaar","een huis verkopen na 1 jaar",". Dat is extra belangrijk bij [een huis verkopen na 1 jaar](/huis-verkopen-na-1-jaar), bij weinig overwaarde of wanneer de opbrengst tussen voormalige partners moet worden verdeeld.","midden","support","child","houden"
"/wederbeleggingsvergoeding","/huis-verkopen-bij-scheiding","een huis verkopen tijdens een scheiding","Bij [een huis verkopen tijdens een scheiding](/huis-verkopen-bij-scheiding) moet je ook controleren of één partner de lening kan overnemen.","midden","support","child","houden"
"/wederbeleggingsvergoeding","/kosten-verkoop-huis","kosten bij de verkoop van een huis","Bekijk voor het volledige verkoopbudget ook de [kosten bij de verkoop van een huis](/kosten-verkoop-huis).","midden","support","child","houden"
"/wederbeleggingsvergoeding","/lening-overzetten-op-ander-huis","lening overzet op een ander huis",". Lees daarom hoe je een [lening overzet op een ander huis](/lening-overzetten-op-ander-huis) en vergelijk dat met een volledig nieuw krediet.","midden","support","child","houden"
"/wederbeleggingsvergoeding","/heropname-lening","heropname van je lening","Een [heropname van je lening](/heropname-lening) is nog een ander concept.","einde","support","child","houden"
"/welke-verzekeringen-zijn-verplicht-als-huurder","/gemeenschappelijke-kosten-appartement-huurder","gemeenschappelijke kosten van een appartement voor de huurder","Wil je verhuren en heb je vragen over verplichtingen? Lees dan ook meer over de [gemeenschappelijke kosten van een appartement voor de huurder](/gemeenschappelijke-kosten-appartement-huurder) en over de [blokpolis van een appartement](/blokpolis-appartement).","einde","support","child","houden"
"/welke-verzekeringen-zijn-verplicht-als-huurder","/blokpolis-appartement","blokpolis van een appartement","Wil je verhuren en heb je vragen over verplichtingen? Lees dan ook meer over de [gemeenschappelijke kosten van een appartement voor de huurder](/gemeenschappelijke-kosten-appartement-huurder) en over de [blokpolis van een appartement](/blokpolis-appartement).","einde","support","child","houden"
"/wetgeving-containerwoning","/huis-verkopen-verplichtingen/epc","huis verkopen verplichtingen: EPC",". Meer lees je op [huis verkopen verplichtingen: EPC](/huis-verkopen-verplichtingen/epc).","midden","support","child","houden"
"/wetgeving-containerwoning","/huis-verkopen-verplichtingen/elektriciteitskeuring","elektriciteitskeuring bij verkoop",". Zie ook [elektriciteitskeuring bij verkoop](/huis-verkopen-verplichtingen/elektriciteitskeuring).","midden","support","child","houden"
"/wetgeving-containerwoning","/huis-verkopen-verplichtingen/bodemattest","bodemattest",". Meer info staat op [bodemattest](/huis-verkopen-verplichtingen/bodemattest).","midden","support","child","houden"
"/wetgeving-containerwoning","/prijs-bouwgrond-berekenen","prijs bouwgrond berekenen",". Voor een raming van je bouwgrond helpt de pagina [prijs bouwgrond berekenen](/prijs-bouwgrond-berekenen).","midden","support","child","houden"
"/woning-kopen-met-afgekeurde-elektriciteit","/opschortende-voorwaarde","opschortende voorwaarde","Laat in het compromis een [opschortende voorwaarde](/opschortende-voorwaarde) opnemen die de aankoop koppelt aan een aanvaardbare kostprijs voor de elektrische aanpassingen.","midden","support","child","houden"
"/woning-kopen-met-epc-f","/renovatieplicht-bestaande-woning","renovatieplicht voor bestaande woningen",". Gebruik daarom de pagina over de [renovatieplicht voor bestaande woningen](/renovatieplicht-bestaande-woning) voor uitzonderingen, overdrachten en bewijs na de werken.","intro","support","child","houden"
"/woning-kopen-met-epc-f","/bieden-op-een-huis","bieden op een huis",". De pagina over [bieden op een huis](/bieden-op-een-huis) helpt om prijs en voorwaarden schriftelijk vast te leggen.","midden","support","child","houden"
"/woning-kopen-met-epc-f","/hoeveel-kost-een-totaalrenovatie","prijs van een totaalrenovatie",". Op de pagina over de [prijs van een totaalrenovatie](/hoeveel-kost-een-totaalrenovatie) kun je het volledige budget per bouwdeel structureren.","midden","support","child","houden"
"/woning-kopen-met-epc-f","/epc-waarde-verlagen","EPC-waarde het sterkst verbeteren",". Bekijk daarom eerst welke ingrepen de [EPC-waarde het sterkst verbeteren](/epc-waarde-verlagen).","midden","support","child","houden"
"/woning-kopen-met-epc-f","/woning-kopen-met-afgekeurde-elektriciteit","woning kopen met een afgekeurde elektrische installatie","Een [woning kopen met een afgekeurde elektrische installatie](/woning-kopen-met-afgekeurde-elektriciteit) kan mogelijk zijn, maar die werken komen boven op je energieplan.","einde","support","child","houden"
"/woning-verkoopklaar-maken","/huis-leegmaken-bij-verkoop","huis leegmaken bij verkoop","Wil je de woning eerst helemaal ontruimen, bijvoorbeeld bij een erfenis of verhuis, bekijk dan de aparte gids over een [huis leegmaken bij verkoop](/huis-leegmaken-bij-verkoop).","midden","support","child","houden"
"/woning-verkoopklaar-maken","/huis-laten-schatten","schatten",". Wil je eerst weten wat je woning waard is, laat ze dan [schatten](/huis-laten-schatten).","einde","support","money","houden"
"/woning-verkopen","/huis-laten-schatten","huis laten schatten","Meer informatie vind je bij [huis laten schatten](/huis-laten-schatten) en [waarde woning berekenen](/waarde-woning-berekenen).","intro","power page","money","houden"
"/woning-verkopen","/waarde-woning-berekenen","waarde woning berekenen","Meer informatie vind je bij [huis laten schatten](/huis-laten-schatten) en [waarde woning berekenen](/waarde-woning-berekenen).","intro","power page","child","houden"
"/woning-verkopen","/kantoor","vastgoedkantoren vergelijken","Wie professionele begeleiding overweegt, kan eerst [vastgoedkantoren vergelijken](/kantoor) op werkingsgebied, diensten, BIV-vermelding en beschikbare reviewdata.","intro","power page","money","houden"
"/woning-verkopen","/huis-verkopen-met-makelaar","huis verkopen met makelaar",". Lees meer bij [huis verkopen met makelaar](/huis-verkopen-met-makelaar) en [kosten vastgoedmakelaar](/kosten-vastgoedmakelaar).","midden","power page","child","houden"
"/woning-verkopen","/kosten-vastgoedmakelaar","kosten vastgoedmakelaar",". Lees meer bij [huis verkopen met makelaar](/huis-verkopen-met-makelaar) en [kosten vastgoedmakelaar](/kosten-vastgoedmakelaar).","midden","power page","money","houden"
"/woning-verkopen","/verkoop-uit-de-hand","huis verkopen via de notaris","Bekijk de aparte gids over een [huis verkopen via de notaris](/verkoop-uit-de-hand) voor de rolverdeling, mogelijke kosten en het verschil tussen een onderhandse en openbare verkoop.","midden","power page","child","houden"
"/zonevreemde-woning-kopen","/huis-gekocht-wat-nu","huis gekocht, wat nu",". Zie ook [huis gekocht, wat nu](/huis-gekocht-wat-nu) voor de stappen na de aankoop en [verbouwen zonder vergunning](/verbouwen-zonder-vergunning) om te weten wanneer een vergunning verplicht is.","einde","support","child","houden"
"/zonevreemde-woning-kopen","/verbouwen-zonder-vergunning","verbouwen zonder vergunning",". Zie ook [huis gekocht, wat nu](/huis-gekocht-wat-nu) voor de stappen na de aankoop en [verbouwen zonder vergunning](/verbouwen-zonder-vergunning) om te weten wanneer een vergunning verplicht is.","einde","support","child","houden"
