"url","group","technicalStatus","releaseStatus","reasons","wordsRendered","h1Count","canonical","schemaTypes","contentWords","intent","type","sourceLinks","bodySourceLinks","mutableClaimParagraphs","internalBodyLinks","informationGain","localEvidenceScreen","conversionMechanisms","gscClicksCurrent","gscClicksPrevious","gscImpressionsCurrent","gscImpressionsPrevious","gscCtrCurrent","gscCtrPrevious","gscPositionCurrent","gscPositionPrevious","retrievalStatus","sectionCount","weakDirectAnswers","ambiguousOpeners","mutableSections","mutableSectionsWithoutInlineSource","entityInIntro","hasSilo","relatedCount","topicalBridgeStatus","newPdfReasons","migrationDisposition","redirectTarget","noindex","sourceNote","targetDomain"
"/","homepage","PASS","PASS","","1217","1","https://www.vastgoedmakelaarzoeken.be","Organization | ContactPoint | AdministrativeArea | WebSite | FAQPage | Question | Answer","","","","","","","","","","","0","0","18","58","0","0","70.83","44.26","NOT_APPLICABLE","","","","","","","","","PASS","","SAME_PATH_READY","","false","","https://www.vastgoedmakelaarzoeken.com"
"/kennisbank","sitepagina","PASS","PASS","","1388","1","https://www.vastgoedmakelaarzoeken.be/kennisbank","Organization | ContactPoint | AdministrativeArea | WebSite | BreadcrumbList | ListItem","","","","","","","","","","","0","0","0","3","0","0","0","7.669999999999999","NOT_APPLICABLE","","","","","","","","","PASS","","SAME_PATH_READY","","false","","https://www.vastgoedmakelaarzoeken.com"
"/werkwijze","sitepagina","PASS","PASS","","607","1","https://www.vastgoedmakelaarzoeken.be/werkwijze","Organization | ContactPoint | AdministrativeArea | WebSite | AboutPage | Thing | BreadcrumbList | ListItem","","","","","","","","","","","0","0","0","0","0","0","","","NOT_APPLICABLE","","","","","","","","","PASS","","SAME_PATH_READY","","false","","https://www.vastgoedmakelaarzoeken.com"
"/aankoopmakelaar","kennisbank","PASS","PASS","","1465","1","https://www.vastgoedmakelaarzoeken.be/aankoopmakelaar","Organization | ContactPoint | AdministrativeArea | WebSite | Article | Thing | BreadcrumbList | ListItem | FAQPage | Question | Answer","680","informational","Article","1","0","2","2","2","","1","0","0","0","0","0","0","","","PASS","5","0","0","1","1","true","false","3","PASS","","SAME_PATH_READY","","false","false","https://www.vastgoedmakelaarzoeken.com"
"/akte-verlijden","kennisbank","PASS","PASS","","2482","1","https://www.vastgoedmakelaarzoeken.be/akte-verlijden","Organization | ContactPoint | AdministrativeArea | WebSite | Article | Thing | BreadcrumbList | ListItem | FAQPage | Question | Answer","1808","informational","Article","7","6","7","0","3","","1","0","2","4","302","0","0.006622516556291391","3","7.85","PASS","14","1","0","5","4","true","false","3","PASS","","SAME_PATH_READY","","false","false","https://www.vastgoedmakelaarzoeken.com"
"/alleenstaande-huis-kopen","kennisbank","PASS","PASS","","2037","1","https://www.vastgoedmakelaarzoeken.be/alleenstaande-huis-kopen","Organization | ContactPoint | AdministrativeArea | WebSite | Article | Thing | BreadcrumbList | ListItem | FAQPage | Question | Answer","1320","informational","Article","1","0","8","6","5","","1","0","0","0","1","0","0","0","15","PASS","10","2","0","3","3","true","false","3","PASS","","SAME_PATH_READY","","false","true","https://www.vastgoedmakelaarzoeken.com"
"/appartement-verkopen","kennisbank","PASS","PASS","","2963","1","https://www.vastgoedmakelaarzoeken.be/appartement-verkopen","Organization | ContactPoint | AdministrativeArea | WebSite | Service | Thing | Country | BreadcrumbList | ListItem | FAQPage | Question | Answer","2162","core","Service","7","6","7","10","4","","1","0","0","28","94","0","0","76.46","39.64","PASS","13","1","0","4","4","true","false","6","PASS","","SAME_PATH_READY","","false","false","https://www.vastgoedmakelaarzoeken.com"
"/asbestattest","kennisbank","PASS","PASS","","5655","1","https://www.vastgoedmakelaarzoeken.be/asbestattest","Organization | ContactPoint | AdministrativeArea | WebSite | Article | Thing | Service | Country | BreadcrumbList | ListItem | FAQPage | Question | Answer","4391","core","Article","15","14","25","14","5","","1","0","0","0","1","0","0","0","2","PASS","17","0","0","12","5","true","true","6","PASS","","SAME_PATH_READY","","false","false","https://www.vastgoedmakelaarzoeken.com"
"/asbestattest/antwerpen","kennisbank","PASS","CONSOLIDATED","301 naar /asbestattest; noindex; uitgesloten uit sitemap","1546","1","https://www.vastgoedmakelaarzoeken.be/asbestattest/antwerpen","Organization | ContactPoint | AdministrativeArea | WebSite | WebPage | Thing | BreadcrumbList | ListItem | FAQPage | Question | Answer","950","local","WebPage","1","0","8","3","4","4","not_applicable","0","0","0","0","0","0","","","PASS","10","0","0","3","3","true","true","3","not_applicable","inhoudelijke eigenaar gekozen","REDIRECT_READY","/asbestattest","true","false","https://www.vastgoedmakelaarzoeken.com"
"/asbestattest/appartement","kennisbank","PASS","PASS","","2063","1","https://www.vastgoedmakelaarzoeken.be/asbestattest/appartement","Organization | ContactPoint | AdministrativeArea | WebSite | Article | Thing | BreadcrumbList | ListItem | FAQPage | Question | Answer","1412","informational","Article","1","0","12","3","5","","1","0","0","0","0","0","0","","","PASS","11","1","0","6","6","true","true","3","PASS","","SAME_PATH_READY","","false","true","https://www.vastgoedmakelaarzoeken.com"
"/asbestattest/asbestinventaris","kennisbank","PASS","PASS","","1600","1","https://www.vastgoedmakelaarzoeken.be/asbestattest/asbestinventaris","Organization | ContactPoint | AdministrativeArea | WebSite | Article | Thing | BreadcrumbList | ListItem | FAQPage | Question | Answer","982","informational","Article","1","0","7","0","4","","1","0","0","0","2","0","0","0","40.5","PASS","13","1","0","3","3","true","true","3","PASS","","SAME_PATH_READY","","false","true","https://www.vastgoedmakelaarzoeken.com"
"/asbestattest/asbestinventaris/verplicht","kennisbank","PASS","PASS","","2139","1","https://www.vastgoedmakelaarzoeken.be/asbestattest/asbestinventaris/verplicht","Organization | ContactPoint | AdministrativeArea | WebSite | Article | Thing | BreadcrumbList | ListItem | FAQPage | Question | Answer","1512","informational","Article","1","0","17","3","5","","1","0","0","0","1","0","0","0","84","PASS","11","0","0","7","7","true","true","3","PASS","","SAME_PATH_READY","","false","true","https://www.vastgoedmakelaarzoeken.com"
"/asbestattest/asbestkeuring","kennisbank","PASS","PASS","","1706","1","https://www.vastgoedmakelaarzoeken.be/asbestattest/asbestkeuring","Organization | ContactPoint | AdministrativeArea | WebSite | Article | Thing | BreadcrumbList | ListItem | FAQPage | Question | Answer","1147","informational","Article","1","0","10","4","4","","1","0","0","0","0","0","0","","","PASS","13","2","0","5","5","true","true","3","PASS","","SAME_PATH_READY","","false","true","https://www.vastgoedmakelaarzoeken.com"
"/asbestattest/asbestsanering","kennisbank","PASS","PASS","","1354","1","https://www.vastgoedmakelaarzoeken.be/asbestattest/asbestsanering","Organization | ContactPoint | AdministrativeArea | WebSite | Article | Thing | BreadcrumbList | ListItem | FAQPage | Question | Answer","767","informational","Article","1","0","7","0","5","","1","0","0","0","1","0","0","0","8","PASS","7","0","0","5","5","true","true","3","PASS","","SAME_PATH_READY","","false","true","https://www.vastgoedmakelaarzoeken.com"
"/asbestattest/bij-erfenis","kennisbank","PASS","PASS","","1504","1","https://www.vastgoedmakelaarzoeken.be/asbestattest/bij-erfenis","Organization | ContactPoint | AdministrativeArea | WebSite | Article | Thing | BreadcrumbList | ListItem | FAQPage | Question | Answer","886","informational","Article","1","0","11","0","5","","1","0","0","0","2","0","0","0","7","PASS","11","1","0","7","7","true","true","3","PASS","","SAME_PATH_READY","","false","true","https://www.vastgoedmakelaarzoeken.com"
"/asbestattest/bij-schenking","kennisbank","PASS","PASS","","1580","1","https://www.vastgoedmakelaarzoeken.be/asbestattest/bij-schenking","Organization | ContactPoint | AdministrativeArea | WebSite | Article | Thing | BreadcrumbList | ListItem | FAQPage | Question | Answer","892","informational","Article","3","2","9","3","5","","1","0","0","0","4","0","0","0","7","PASS","7","1","0","4","4","true","true","3","PASS","","SAME_PATH_READY","","false","false","https://www.vastgoedmakelaarzoeken.com"
"/asbestattest/bij-verhuur","kennisbank","PASS","PASS","","1943","1","https://www.vastgoedmakelaarzoeken.be/asbestattest/bij-verhuur","Organization | ContactPoint | AdministrativeArea | WebSite | Article | Thing | BreadcrumbList | ListItem | FAQPage | Question | Answer","1236","informational","Article","1","0","14","0","5","","1","0","0","0","7","0","0","0","9.284285714285716","PASS","11","0","0","7","7","true","true","3","PASS","","SAME_PATH_READY","","false","true","https://www.vastgoedmakelaarzoeken.com"
"/asbestattest/brugge","kennisbank","PASS","CONSOLIDATED","301 naar /asbestattest; noindex; uitgesloten uit sitemap","1347","1","https://www.vastgoedmakelaarzoeken.be/asbestattest/brugge","Organization | ContactPoint | AdministrativeArea | WebSite | WebPage | Thing | BreadcrumbList | ListItem | FAQPage | Question | Answer","716","local","WebPage","1","0","8","4","5","3","not_applicable","0","0","0","0","0","0","","","PASS","6","1","0","4","4","true","true","3","not_applicable","inhoudelijke eigenaar gekozen","REDIRECT_READY","/asbestattest","true","false","https://www.vastgoedmakelaarzoeken.com"
"/asbestattest/compromis","kennisbank","PASS","PASS","","1945","1","https://www.vastgoedmakelaarzoeken.be/asbestattest/compromis","Organization | ContactPoint | AdministrativeArea | WebSite | Article | Thing | BreadcrumbList | ListItem | FAQPage | Question | Answer","1349","informational","Article","1","0","15","8","4","","1","0","0","0","0","0","0","","","PASS","12","0","0","7","7","true","true","3","PASS","","SAME_PATH_READY","","false","true","https://www.vastgoedmakelaarzoeken.com"
"/asbestattest/dendermonde","kennisbank","PASS","CONSOLIDATED","301 naar /asbestattest; noindex; uitgesloten uit sitemap","1786","1","https://www.vastgoedmakelaarzoeken.be/asbestattest/dendermonde","Organization | ContactPoint | AdministrativeArea | WebSite | WebPage | Thing | BreadcrumbList | ListItem | FAQPage | Question | Answer","1230","local","WebPage","1","0","12","3","5","4","not_applicable","0","0","0","0","0","0","","","PASS","12","0","0","5","5","true","true","3","not_applicable","inhoudelijke eigenaar gekozen","REDIRECT_READY","/asbestattest","true","false","https://www.vastgoedmakelaarzoeken.com"
"/asbestattest/garage","kennisbank","PASS","PASS","","2118","1","https://www.vastgoedmakelaarzoeken.be/asbestattest/garage","Organization | ContactPoint | AdministrativeArea | WebSite | Article | Thing | BreadcrumbList | ListItem | FAQPage | Question | Answer","1522","informational","Article","1","0","18","3","5","","1","0","1","0","5","0","0.2","0","7.4","PASS","12","0","0","7","7","true","true","3","PASS","","SAME_PATH_READY","","false","true","https://www.vastgoedmakelaarzoeken.com"
"/asbestattest/geen","kennisbank","PASS","PASS","","1560","1","https://www.vastgoedmakelaarzoeken.be/asbestattest/geen","Organization | ContactPoint | AdministrativeArea | WebSite | Article | Thing | BreadcrumbList | ListItem | FAQPage | Question | Answer","942","informational","Article","1","0","11","5","5","","1","0","0","0","1","0","0","0","9","PASS","10","1","0","5","5","true","true","3","PASS","","SAME_PATH_READY","","false","true","https://www.vastgoedmakelaarzoeken.com"
"/asbestattest/geldigheid","kennisbank","PASS","PASS","","1527","1","https://www.vastgoedmakelaarzoeken.be/asbestattest/geldigheid","Organization | ContactPoint | AdministrativeArea | WebSite | Article | Thing | BreadcrumbList | ListItem | FAQPage | Question | Answer","937","informational","Article","4","3","8","2","4","","1","0","0","0","2","0","0","0","9","PASS","7","0","0","3","3","true","true","3","PASS","","SAME_PATH_READY","","false","false","https://www.vastgoedmakelaarzoeken.com"
"/asbestattest/gent","kennisbank","PASS","CONSOLIDATED","301 naar /asbestattest; noindex; uitgesloten uit sitemap","1835","1","https://www.vastgoedmakelaarzoeken.be/asbestattest/gent","Organization | ContactPoint | AdministrativeArea | WebSite | WebPage | Thing | BreadcrumbList | ListItem | FAQPage | Question | Answer","1276","local","WebPage","1","0","11","3","4","5","not_applicable","0","0","0","2","0","0","0","9.5","PASS","12","0","0","4","4","true","true","3","not_applicable","inhoudelijke eigenaar gekozen","REDIRECT_READY","/asbestattest","true","false","https://www.vastgoedmakelaarzoeken.com"
"/asbestattest/goedkoop","kennisbank","PASS","PASS","","1629","1","https://www.vastgoedmakelaarzoeken.be/asbestattest/goedkoop","Organization | ContactPoint | AdministrativeArea | WebSite | Article | Thing | BreadcrumbList | ListItem | FAQPage | Question | Answer","1069","informational","Article","1","0","7","4","4","","1","0","0","0","0","0","0","","","PASS","11","0","0","5","5","true","true","3","PASS","","SAME_PATH_READY","","false","true","https://www.vastgoedmakelaarzoeken.com"
"/asbestattest/hasselt","kennisbank","PASS","CONSOLIDATED","301 naar /asbestattest; noindex; uitgesloten uit sitemap","1672","1","https://www.vastgoedmakelaarzoeken.be/asbestattest/hasselt","Organization | ContactPoint | AdministrativeArea | WebSite | WebPage | Thing | BreadcrumbList | ListItem | FAQPage | Question | Answer","1136","local","WebPage","1","0","12","3","5","4","not_applicable","0","0","0","1","0","0","0","7","PASS","9","0","0","6","6","true","true","3","not_applicable","inhoudelijke eigenaar gekozen","REDIRECT_READY","/asbestattest","true","false","https://www.vastgoedmakelaarzoeken.com"
"/asbestattest/herentals","kennisbank","PASS","CONSOLIDATED","301 naar /asbestattest; noindex; uitgesloten uit sitemap","1185","1","https://www.vastgoedmakelaarzoeken.be/asbestattest/herentals","Organization | ContactPoint | AdministrativeArea | WebSite | WebPage | Thing | BreadcrumbList | ListItem | FAQPage | Question | Answer","572","local","WebPage","1","0","7","0","4","4","not_applicable","0","0","0","0","0","0","","","PASS","6","0","0","3","3","true","true","3","not_applicable","inhoudelijke eigenaar gekozen","REDIRECT_READY","/asbestattest","true","false","https://www.vastgoedmakelaarzoeken.com"
"/asbestattest/hoe-lang-moet-je-wachten","kennisbank","PASS","PASS","","1457","1","https://www.vastgoedmakelaarzoeken.be/asbestattest/hoe-lang-moet-je-wachten","Organization | ContactPoint | AdministrativeArea | WebSite | Article | Thing | BreadcrumbList | ListItem | FAQPage | Question | Answer","885","informational","Article","1","0","10","2","4","","1","0","0","0","1","0","0","0","10","PASS","11","0","0","5","5","true","true","3","PASS","","SAME_PATH_READY","","false","true","https://www.vastgoedmakelaarzoeken.com"
"/asbestattest/laten-opmaken","kennisbank","PASS","PASS","","1591","1","https://www.vastgoedmakelaarzoeken.be/asbestattest/laten-opmaken","Organization | ContactPoint | AdministrativeArea | WebSite | WebPage | Thing | BreadcrumbList | ListItem | FAQPage | Question | Answer","1036","core","WebPage","1","0","11","4","5","","1","0","0","0","1","0","0","0","8","PASS","11","0","0","6","6","true","true","3","PASS","","SAME_PATH_READY","","false","true","https://www.vastgoedmakelaarzoeken.com"
"/asbestattest/leuven","kennisbank","PASS","CONSOLIDATED","301 naar /asbestattest; noindex; uitgesloten uit sitemap","1716","1","https://www.vastgoedmakelaarzoeken.be/asbestattest/leuven","Organization | ContactPoint | AdministrativeArea | WebSite | WebPage | Thing | BreadcrumbList | ListItem | FAQPage | Question | Answer","1086","local","WebPage","1","0","12","2","5","5","not_applicable","0","0","0","0","0","0","","","PASS","10","1","0","6","6","true","true","3","not_applicable","inhoudelijke eigenaar gekozen","REDIRECT_READY","/asbestattest","true","false","https://www.vastgoedmakelaarzoeken.com"
"/asbestattest/lier","kennisbank","PASS","CONSOLIDATED","301 naar /asbestattest; noindex; uitgesloten uit sitemap","1703","1","https://www.vastgoedmakelaarzoeken.be/asbestattest/lier","Organization | ContactPoint | AdministrativeArea | WebSite | WebPage | Thing | BreadcrumbList | ListItem | FAQPage | Question | Answer","1149","local","WebPage","1","0","10","2","4","4","not_applicable","0","0","0","1","0","0","0","10","PASS","11","0","0","6","6","true","true","3","not_applicable","inhoudelijke eigenaar gekozen","REDIRECT_READY","/asbestattest","true","false","https://www.vastgoedmakelaarzoeken.com"
"/asbestattest/limburg","kennisbank","PASS","CONSOLIDATED","301 naar /asbestattest; noindex; uitgesloten uit sitemap","1798","1","https://www.vastgoedmakelaarzoeken.be/asbestattest/limburg","Organization | ContactPoint | AdministrativeArea | WebSite | WebPage | Thing | BreadcrumbList | ListItem | FAQPage | Question | Answer","1245","local","WebPage","1","0","11","1","5","5","not_applicable","0","0","0","0","0","0","","","PASS","10","1","0","5","5","true","true","3","not_applicable","inhoudelijke eigenaar gekozen","REDIRECT_READY","/asbestattest","true","false","https://www.vastgoedmakelaarzoeken.com"
"/asbestattest/lokeren","kennisbank","PASS","CONSOLIDATED","301 naar /asbestattest; noindex; uitgesloten uit sitemap","1788","1","https://www.vastgoedmakelaarzoeken.be/asbestattest/lokeren","Organization | ContactPoint | AdministrativeArea | WebSite | WebPage | Thing | BreadcrumbList | ListItem | FAQPage | Question | Answer","1231","local","WebPage","1","0","12","1","5","4","not_applicable","0","0","0","0","0","0","","","PASS","10","1","0","5","5","true","true","3","not_applicable","inhoudelijke eigenaar gekozen","REDIRECT_READY","/asbestattest","true","false","https://www.vastgoedmakelaarzoeken.com"
"/asbestattest/notaris","kennisbank","PASS","PASS","","1604","1","https://www.vastgoedmakelaarzoeken.be/asbestattest/notaris","Organization | ContactPoint | AdministrativeArea | WebSite | Article | Thing | BreadcrumbList | ListItem | FAQPage | Question | Answer","1051","informational","Article","1","0","13","3","5","","1","0","0","0","1","0","0","0","9","PASS","10","0","0","6","6","true","true","3","PASS","","SAME_PATH_READY","","false","true","https://www.vastgoedmakelaarzoeken.com"
"/asbestattest/oost-vlaanderen","kennisbank","PASS","CONSOLIDATED","301 naar /asbestattest; noindex; uitgesloten uit sitemap","1655","1","https://www.vastgoedmakelaarzoeken.be/asbestattest/oost-vlaanderen","Organization | ContactPoint | AdministrativeArea | WebSite | WebPage | Thing | BreadcrumbList | ListItem | FAQPage | Question | Answer","1093","local","WebPage","1","0","9","3","5","4","not_applicable","0","0","0","1","0","0","0","9","PASS","12","1","0","3","3","true","true","3","not_applicable","inhoudelijke eigenaar gekozen","REDIRECT_READY","/asbestattest","true","false","https://www.vastgoedmakelaarzoeken.com"
"/asbestattest/oudenaarde","kennisbank","PASS","CONSOLIDATED","301 naar /asbestattest; noindex; uitgesloten uit sitemap","1740","1","https://www.vastgoedmakelaarzoeken.be/asbestattest/oudenaarde","Organization | ContactPoint | AdministrativeArea | WebSite | WebPage | Thing | BreadcrumbList | ListItem | FAQPage | Question | Answer","1221","local","WebPage","1","0","12","4","4","4","not_applicable","0","0","0","0","0","0","","","PASS","12","1","0","7","7","true","true","3","not_applicable","inhoudelijke eigenaar gekozen","REDIRECT_READY","/asbestattest","true","false","https://www.vastgoedmakelaarzoeken.com"
"/asbestattest/renovatie","kennisbank","PASS","PASS","","1862","1","https://www.vastgoedmakelaarzoeken.be/asbestattest/renovatie","Organization | ContactPoint | AdministrativeArea | WebSite | Article | Thing | BreadcrumbList | ListItem | FAQPage | Question | Answer","1297","informational","Article","1","0","13","6","5","","1","0","0","0","1","0","0","0","7","PASS","10","1","0","7","7","true","true","3","PASS","","SAME_PATH_READY","","false","true","https://www.vastgoedmakelaarzoeken.com"
"/asbestattest/sint-niklaas","kennisbank","PASS","CONSOLIDATED","301 naar /asbestattest; noindex; uitgesloten uit sitemap","1892","1","https://www.vastgoedmakelaarzoeken.be/asbestattest/sint-niklaas","Organization | ContactPoint | AdministrativeArea | WebSite | WebPage | Thing | BreadcrumbList | ListItem | FAQPage | Question | Answer","1336","local","WebPage","1","0","11","3","4","4","not_applicable","0","0","0","0","0","0","","","PASS","11","0","0","6","6","true","true","3","not_applicable","inhoudelijke eigenaar gekozen","REDIRECT_READY","/asbestattest","true","false","https://www.vastgoedmakelaarzoeken.com"
"/asbestattest/turnhout","kennisbank","PASS","CONSOLIDATED","301 naar /asbestattest; noindex; uitgesloten uit sitemap","1365","1","https://www.vastgoedmakelaarzoeken.be/asbestattest/turnhout","Organization | ContactPoint | AdministrativeArea | WebSite | WebPage | Thing | BreadcrumbList | ListItem | FAQPage | Question | Answer","744","local","WebPage","1","0","11","2","4","3","not_applicable","0","0","0","0","0","0","","","PASS","2","0","0","2","2","true","true","3","not_applicable","inhoudelijke eigenaar gekozen","REDIRECT_READY","/asbestattest","true","false","https://www.vastgoedmakelaarzoeken.com"
"/asbestattest/uitstel","kennisbank","PASS","PASS","","1439","1","https://www.vastgoedmakelaarzoeken.be/asbestattest/uitstel","Organization | ContactPoint | AdministrativeArea | WebSite | Article | Thing | BreadcrumbList | ListItem | FAQPage | Question | Answer","822","informational","Article","1","0","9","9","3","","1","0","0","0","0","0","0","","","PASS","10","0","0","7","7","true","true","3","PASS","","SAME_PATH_READY","","false","true","https://www.vastgoedmakelaarzoeken.com"
"/asbestattest/vanaf-wanneer","kennisbank","PASS","CONSOLIDATED","301 naar /asbestattest; noindex; uitgesloten uit sitemap","1862","1","https://www.vastgoedmakelaarzoeken.be/asbestattest/vanaf-wanneer","Organization | ContactPoint | AdministrativeArea | WebSite | Article | Thing | BreadcrumbList | ListItem | FAQPage | Question | Answer","1317","informational","Article","1","0","14","0","3","","not_applicable","0","0","0","0","0","0","","","PASS","10","0","0","5","5","true","true","3","not_applicable","inhoudelijke eigenaar gekozen","REDIRECT_READY","/asbestattest","true","false","https://www.vastgoedmakelaarzoeken.com"
"/asbestattest/verplicht","kennisbank","PASS","CONSOLIDATED","301 naar /asbestattest; noindex; uitgesloten uit sitemap","1254","1","https://www.vastgoedmakelaarzoeken.be/asbestattest/verplicht","Organization | ContactPoint | AdministrativeArea | WebSite | Article | Thing | BreadcrumbList | ListItem | FAQPage | Question | Answer","646","informational","Article","1","0","11","3","4","","not_applicable","0","0","0","0","0","0","","","PASS","8","0","0","5","5","true","true","3","not_applicable","inhoudelijke eigenaar gekozen","REDIRECT_READY","/asbestattest","true","false","https://www.vastgoedmakelaarzoeken.com"
"/asbestattest/vlaams-brabant","kennisbank","PASS","CONSOLIDATED","301 naar /asbestattest; noindex; uitgesloten uit sitemap","1710","1","https://www.vastgoedmakelaarzoeken.be/asbestattest/vlaams-brabant","Organization | ContactPoint | AdministrativeArea | WebSite | Article | Thing | BreadcrumbList | ListItem | FAQPage | Question | Answer","1104","local","Article","1","0","9","1","4","4","not_applicable","0","0","0","1","0","0","0","9","PASS","11","0","0","4","4","true","true","3","not_applicable","inhoudelijke eigenaar gekozen","REDIRECT_READY","/asbestattest","true","false","https://www.vastgoedmakelaarzoeken.com"
"/asbestattest/west-vlaanderen","kennisbank","PASS","CONSOLIDATED","301 naar /asbestattest; noindex; uitgesloten uit sitemap","1866","1","https://www.vastgoedmakelaarzoeken.be/asbestattest/west-vlaanderen","Organization | ContactPoint | AdministrativeArea | WebSite | Article | Thing | BreadcrumbList | ListItem | FAQPage | Question | Answer","1273","local","Article","1","0","15","6","5","6","not_applicable","0","0","0","0","0","0","","","PASS","12","0","0","7","7","true","true","3","not_applicable","inhoudelijke eigenaar gekozen","REDIRECT_READY","/asbestattest","true","false","https://www.vastgoedmakelaarzoeken.com"
"/asbestattest/wetgeving","kennisbank","PASS","CONSOLIDATED","301 naar /asbestattest; noindex; uitgesloten uit sitemap","1758","1","https://www.vastgoedmakelaarzoeken.be/asbestattest/wetgeving","Organization | ContactPoint | AdministrativeArea | WebSite | Article | Thing | BreadcrumbList | ListItem | FAQPage | Question | Answer","1153","informational","Article","1","0","13","5","5","","not_applicable","0","0","0","0","0","0","","","PASS","9","1","0","6","6","true","true","3","not_applicable","inhoudelijke eigenaar gekozen","REDIRECT_READY","/asbestattest","true","false","https://www.vastgoedmakelaarzoeken.com"
"/asbestattest/wie","kennisbank","PASS","CONSOLIDATED","301 naar /asbestattest; noindex; uitgesloten uit sitemap","1909","1","https://www.vastgoedmakelaarzoeken.be/asbestattest/wie","Organization | ContactPoint | AdministrativeArea | WebSite | Article | Thing | BreadcrumbList | ListItem | FAQPage | Question | Answer","1264","informational","Article","1","0","18","5","4","","not_applicable","0","0","0","0","0","0","","","PASS","11","0","0","8","8","true","true","3","not_applicable","inhoudelijke eigenaar gekozen","REDIRECT_READY","/asbestattest","true","false","https://www.vastgoedmakelaarzoeken.com"
"/asbestattest/wie-betaalt","kennisbank","PASS","PASS","","1683","1","https://www.vastgoedmakelaarzoeken.be/asbestattest/wie-betaalt","Organization | ContactPoint | AdministrativeArea | WebSite | Article | Thing | BreadcrumbList | ListItem | FAQPage | Question | Answer","1137","informational","Article","1","0","14","1","5","","1","0","0","0","1","0","0","0","7","PASS","12","0","0","6","6","true","true","3","PASS","","SAME_PATH_READY","","false","true","https://www.vastgoedmakelaarzoeken.com"
"/beding-van-aanwas","kennisbank","PASS","PASS","","3505","1","https://www.vastgoedmakelaarzoeken.be/beding-van-aanwas","Organization | ContactPoint | AdministrativeArea | WebSite | Article | Thing | BreadcrumbList | ListItem | FAQPage | Question | Answer","2593","informational","Article","7","6","9","4","5","","1","0","1","1","25","0","0.04","65","13.72","PASS","15","2","0","6","6","true","false","5","PASS","","SAME_PATH_READY","","false","false","https://www.vastgoedmakelaarzoeken.com"
"/belasting-tweede-verblijf-vermijden","kennisbank","PASS","PASS","","1951","1","https://www.vastgoedmakelaarzoeken.be/belasting-tweede-verblijf-vermijden","Organization | ContactPoint | AdministrativeArea | WebSite | Article | Thing | BreadcrumbList | ListItem | FAQPage | Question | Answer","1317","informational","Article","1","0","6","1","5","","1","4","6","164","223","0.024390243902439025","0.026905829596412557","7.68","11.66","PASS","10","2","0","4","4","true","false","4","PASS","","SAME_PATH_READY","","false","true","https://www.vastgoedmakelaarzoeken.com"
"/bestaande-vloer-isoleren","kennisbank","PASS","PASS","","1525","1","https://www.vastgoedmakelaarzoeken.be/bestaande-vloer-isoleren","Organization | ContactPoint | AdministrativeArea | WebSite | Article | Thing | BreadcrumbList | ListItem | FAQPage | Question | Answer","823","informational","Article","1","0","5","2","4","","1","0","0","0","2","0","0","0","6","PASS","8","0","0","3","3","true","true","3","PASS","","SAME_PATH_READY","","false","true","https://www.vastgoedmakelaarzoeken.com"
"/bewoonbare-oppervlakte-berekenen","kennisbank","PASS","PASS","","1961","1","https://www.vastgoedmakelaarzoeken.be/bewoonbare-oppervlakte-berekenen","Organization | ContactPoint | AdministrativeArea | WebSite | Article | Thing | BreadcrumbList | ListItem | FAQPage | Question | Answer","1304","informational","Article","1","0","7","3","5","","1","0","0","0","4","0","0","0","10.5","PASS","11","0","0","4","4","true","false","3","PASS","","SAME_PATH_READY","","false","true","https://www.vastgoedmakelaarzoeken.com"
"/bieden-op-een-huis","kennisbank","PASS","PASS","","1577","1","https://www.vastgoedmakelaarzoeken.be/bieden-op-een-huis","Organization | ContactPoint | AdministrativeArea | WebSite | Article | Thing | BreadcrumbList | ListItem | FAQPage | Question | Answer","875","informational","Article","5","4","2","0","2","","1","0","0","1","55","0","0","91","27.51","PASS","8","2","0","1","0","true","false","3","PASS","","SAME_PATH_READY","","false","false","https://www.vastgoedmakelaarzoeken.com"
"/bijgebouw-vergunning","kennisbank","PASS","PASS","","1498","1","https://www.vastgoedmakelaarzoeken.be/bijgebouw-vergunning","Organization | ContactPoint | AdministrativeArea | WebSite | Article | Thing | BreadcrumbList | ListItem | FAQPage | Question | Answer","768","informational","Article","1","0","8","1","3","","1","0","0","0","18","0","0","0","14.440000000000001","PASS","6","0","0","5","5","true","false","3","PASS","","SAME_PATH_READY","","false","true","https://www.vastgoedmakelaarzoeken.com"
"/blokpolis-appartement","kennisbank","PASS","PASS","","1873","1","https://www.vastgoedmakelaarzoeken.be/blokpolis-appartement","Organization | ContactPoint | AdministrativeArea | WebSite | Article | Thing | BreadcrumbList | ListItem | FAQPage | Question | Answer","1234","informational","Article","1","0","7","0","3","","1","0","0","0","10","0","0","0","5.104","PASS","11","1","0","4","4","true","false","3","PASS","","SAME_PATH_READY","","false","true","https://www.vastgoedmakelaarzoeken.com"
"/bod-intrekken-huis","kennisbank","PASS","PASS","","1616","1","https://www.vastgoedmakelaarzoeken.be/bod-intrekken-huis","Organization | ContactPoint | AdministrativeArea | WebSite | Article | Thing | BreadcrumbList | ListItem | FAQPage | Question | Answer","992","informational","Article","2","1","1","4","3","","1","1","3","25","154","0.04","0.01948051948051948","6.1568000000000005","6.375454545454546","PASS","11","2","0","1","1","true","false","3","PASS","","SAME_PATH_READY","","false","false","https://www.vastgoedmakelaarzoeken.com"
"/bouwen-of-verbouwen","kennisbank","PASS","PASS","","2423","1","https://www.vastgoedmakelaarzoeken.be/bouwen-of-verbouwen","Organization | ContactPoint | AdministrativeArea | WebSite | Article | Thing | BreadcrumbList | ListItem | FAQPage | Question | Answer","1642","informational","Article","1","0","6","8","5","","1","0","0","0","2","0","0","0","9","PASS","11","2","0","3","3","true","false","3","PASS","","SAME_PATH_READY","","false","true","https://www.vastgoedmakelaarzoeken.com"
"/co2-meter-verplicht-in-huis","kennisbank","PASS","PASS","","1603","1","https://www.vastgoedmakelaarzoeken.be/co2-meter-verplicht-in-huis","Organization | ContactPoint | AdministrativeArea | WebSite | Article | Thing | BreadcrumbList | ListItem | FAQPage | Question | Answer","1008","informational","Article","1","0","5","2","3","","1","0","0","3","12","0","0","80.67","15.92","PASS","12","2","0","1","1","true","true","3","PASS","","SAME_PATH_READY","","false","true","https://www.vastgoedmakelaarzoeken.com"
"/compromis-verkoop-huis","kennisbank","PASS","PASS","","1429","1","https://www.vastgoedmakelaarzoeken.be/compromis-verkoop-huis","Organization | ContactPoint | AdministrativeArea | WebSite | Article | Thing | BreadcrumbList | ListItem | FAQPage | Question | Answer","755","informational","Article","1","0","10","0","5","","1","0","0","0","1","0","0","0","8","PASS","6","0","0","4","4","true","false","3","PASS","","SAME_PATH_READY","","false","true","https://www.vastgoedmakelaarzoeken.com"
"/conformiteitsattest","kennisbank","PASS","PASS","","1359","1","https://www.vastgoedmakelaarzoeken.be/conformiteitsattest","Organization | ContactPoint | AdministrativeArea | WebSite | Article | Thing | BreadcrumbList | ListItem | FAQPage | Question | Answer","666","informational","Article","1","0","6","1","2","","1","0","0","0","1","0","0","0","44","PASS","6","0","0","3","3","true","false","3","PASS","","SAME_PATH_READY","","false","true","https://www.vastgoedmakelaarzoeken.com"
"/doorgeefschenking","kennisbank","PASS","PASS","","1350","1","https://www.vastgoedmakelaarzoeken.be/doorgeefschenking","Organization | ContactPoint | AdministrativeArea | WebSite | Article | Thing | BreadcrumbList | ListItem | FAQPage | Question | Answer","660","informational","Article","1","0","1","1","2","","1","0","0","0","5","0","0","0","31.2","PASS","6","0","0","0","0","true","false","3","PASS","","SAME_PATH_READY","","false","false","https://www.vastgoedmakelaarzoeken.com"
"/duurste-gemeente-belgie","kennisbank","PASS","PASS","","1825","1","https://www.vastgoedmakelaarzoeken.be/duurste-gemeente-belgie","Organization | ContactPoint | AdministrativeArea | WebSite | Article | Thing | BreadcrumbList | ListItem | FAQPage | Question | Answer","1146","informational","Article","2","1","5","4","5","","1","0","0","0","18","0","0","0","6.61","PASS","10","1","0","4","3","true","false","3","PASS","","SAME_PATH_READY","","false","false","https://www.vastgoedmakelaarzoeken.com"
"/eigen-inbreng-lening-bij-aankoop-woning","kennisbank","PASS","PASS","","1908","1","https://www.vastgoedmakelaarzoeken.be/eigen-inbreng-lening-bij-aankoop-woning","Organization | ContactPoint | AdministrativeArea | WebSite | Article | Thing | BreadcrumbList | ListItem | FAQPage | Question | Answer","1202","informational","Article","1","0","2","1","5","","1","0","0","0","44","0","0","0","11.05","PASS","11","0","0","2","2","true","false","3","PASS","","SAME_PATH_READY","","false","false","https://www.vastgoedmakelaarzoeken.com"
"/epc-waarde-verlagen","kennisbank","PASS","PASS","","1925","1","https://www.vastgoedmakelaarzoeken.be/epc-waarde-verlagen","Organization | ContactPoint | AdministrativeArea | WebSite | Article | Thing | BreadcrumbList | ListItem | FAQPage | Question | Answer","1293","informational","Article","1","0","5","0","5","","1","0","0","0","1","0","0","0","6","PASS","12","1","0","3","3","true","false","3","PASS","","SAME_PATH_READY","","false","true","https://www.vastgoedmakelaarzoeken.com"
"/erfenis-huis-ouders","kennisbank","PASS","PASS","","2137","1","https://www.vastgoedmakelaarzoeken.be/erfenis-huis-ouders","Organization | ContactPoint | AdministrativeArea | WebSite | Article | Thing | BreadcrumbList | ListItem | FAQPage | Question | Answer","1435","informational","Article","2","1","6","7","5","","1","0","0","0","12","0","0","0","10","PASS","9","1","0","3","3","true","false","5","PASS","","SAME_PATH_READY","","false","false","https://www.vastgoedmakelaarzoeken.com"
"/erfpacht","kennisbank","PASS","PASS","","2169","1","https://www.vastgoedmakelaarzoeken.be/erfpacht","Organization | ContactPoint | AdministrativeArea | WebSite | Article | Thing | BreadcrumbList | ListItem | FAQPage | Question | Answer","1537","informational","Article","1","0","7","2","3","","1","0","0","0","3","0","0","0","8.67","PASS","12","0","0","4","4","true","false","3","PASS","","SAME_PATH_READY","","false","true","https://www.vastgoedmakelaarzoeken.com"
"/garage-verhuren","kennisbank","PASS","PASS","","1470","1","https://www.vastgoedmakelaarzoeken.be/garage-verhuren","Organization | ContactPoint | AdministrativeArea | WebSite | Article | Thing | BreadcrumbList | ListItem | FAQPage | Question | Answer","685","informational","Article","1","0","8","1","4","","1","0","0","0","1","0","0","0","10","PASS","7","0","0","2","2","true","false","3","PASS","","SAME_PATH_READY","","false","true","https://www.vastgoedmakelaarzoeken.com"
"/gemeenschappelijke-kosten-appartement-huurder","kennisbank","PASS","PASS","","1896","1","https://www.vastgoedmakelaarzoeken.be/gemeenschappelijke-kosten-appartement-huurder","Organization | ContactPoint | AdministrativeArea | WebSite | Article | Thing | BreadcrumbList | ListItem | FAQPage | Question | Answer","1204","informational","Article","1","0","5","1","3","","1","0","0","0","0","0","0","","","PASS","12","0","0","2","2","true","false","3","PASS","","SAME_PATH_READY","","false","true","https://www.vastgoedmakelaarzoeken.com"
"/gras-afrijden-op-zondag","kennisbank","PASS","PASS","","2065","1","https://www.vastgoedmakelaarzoeken.be/gras-afrijden-op-zondag","Organization | ContactPoint | AdministrativeArea | WebSite | Article | Thing | BreadcrumbList | ListItem | FAQPage | Question | Answer","1364","informational","Article","1","0","4","1","4","","1","0","0","0","56","0","0","0","9.75","PASS","12","1","0","3","3","true","true","3","PASS","","SAME_PATH_READY","","false","false","https://www.vastgoedmakelaarzoeken.com"
"/haag-hoogte","kennisbank","PASS","PASS","","1688","1","https://www.vastgoedmakelaarzoeken.be/haag-hoogte","Organization | ContactPoint | AdministrativeArea | WebSite | Article | Thing | BreadcrumbList | ListItem | FAQPage | Question | Answer","908","informational","Article","4","3","5","1","4","","1","0","0","0","1","0","0","0","6","PASS","8","1","0","2","2","true","true","3","PASS","","SAME_PATH_READY","","false","false","https://www.vastgoedmakelaarzoeken.com"
"/heropname-lening","kennisbank","PASS","PASS","","1884","1","https://www.vastgoedmakelaarzoeken.be/heropname-lening","Organization | ContactPoint | AdministrativeArea | WebSite | Article | Thing | BreadcrumbList | ListItem | FAQPage | Question | Answer","1231","informational","Article","1","0","4","0","4","","1","0","0","0","0","0","0","","","PASS","11","2","0","2","2","true","false","3","PASS","","SAME_PATH_READY","","false","false","https://www.vastgoedmakelaarzoeken.com"
"/hoeveel-kost-een-totaalrenovatie","kennisbank","PASS","PASS","","1776","1","https://www.vastgoedmakelaarzoeken.be/hoeveel-kost-een-totaalrenovatie","Organization | ContactPoint | AdministrativeArea | WebSite | Article | Thing | BreadcrumbList | ListItem | FAQPage | Question | Answer","966","informational","Article","1","0","4","4","6","","1","0","0","0","23","0","0","0","34.61","PASS","8","0","0","2","2","true","false","4","PASS","","SAME_PATH_READY","","false","false","https://www.vastgoedmakelaarzoeken.com"
"/hoeveel-spaargeld-voor-een-huis","kennisbank","PASS","PASS","","1333","1","https://www.vastgoedmakelaarzoeken.be/hoeveel-spaargeld-voor-een-huis","Organization | ContactPoint | AdministrativeArea | WebSite | Article | Thing | BreadcrumbList | ListItem | FAQPage | Question | Answer","592","informational","Article","1","0","6","0","4","","1","0","0","1","19","0","0","1","8.26","PASS","4","1","0","3","3","true","false","3","PASS","","SAME_PATH_READY","","false","true","https://www.vastgoedmakelaarzoeken.com"
"/hoogte-brievenbus","kennisbank","PASS","PASS","","1882","1","https://www.vastgoedmakelaarzoeken.be/hoogte-brievenbus","Organization | ContactPoint | AdministrativeArea | WebSite | Article | Thing | BreadcrumbList | ListItem | FAQPage | Question | Answer","1260","informational","Article","1","0","14","2","3","","1","0","0","0","63","0","0","0","9.51","PASS","12","0","0","5","5","true","true","3","PASS","","SAME_PATH_READY","","false","true","https://www.vastgoedmakelaarzoeken.com"
"/huis-gekocht-wat-nu","kennisbank","PASS","PASS","","1818","1","https://www.vastgoedmakelaarzoeken.be/huis-gekocht-wat-nu","Organization | ContactPoint | AdministrativeArea | WebSite | Article | Thing | BreadcrumbList | ListItem | FAQPage | Question | Answer","1166","informational","Article","1","0","5","8","4","","1","0","0","15","118","0","0","15.6","13.24","PASS","11","2","0","3","3","true","false","3","PASS","","SAME_PATH_READY","","false","true","https://www.vastgoedmakelaarzoeken.com"
"/huis-kopen-om-te-verhuren","kennisbank","PASS","PASS","","1563","1","https://www.vastgoedmakelaarzoeken.be/huis-kopen-om-te-verhuren","Organization | ContactPoint | AdministrativeArea | WebSite | Article | Thing | BreadcrumbList | ListItem | FAQPage | Question | Answer","856","informational","Article","1","0","4","4","3","","1","0","0","0","1","0","0","0","7","PASS","6","1","0","3","3","true","false","4","PASS","","SAME_PATH_READY","","false","false","https://www.vastgoedmakelaarzoeken.com"
"/huis-kopen-zonder-lening","kennisbank","PASS","PASS","","1816","1","https://www.vastgoedmakelaarzoeken.be/huis-kopen-zonder-lening","Organization | ContactPoint | AdministrativeArea | WebSite | Article | Thing | BreadcrumbList | ListItem | FAQPage | Question | Answer","1121","informational","Article","1","0","6","0","4","","1","0","1","0","9","0","0.1111111111111111","0","8.78","PASS","13","0","0","3","3","true","false","3","PASS","","SAME_PATH_READY","","false","true","https://www.vastgoedmakelaarzoeken.com"
"/huis-laten-schatten","kennisbank","PASS","PASS","","2214","1","https://www.vastgoedmakelaarzoeken.be/huis-laten-schatten","Organization | ContactPoint | AdministrativeArea | WebSite | Service | Thing | Country | BreadcrumbList | ListItem | FAQPage | Question | Answer","1603","core","Service","4","3","9","5","4","","1","0","0","32","123","0","0","87.09","30.62","PASS","12","3","0","2","2","true","false","4","PASS","","SAME_PATH_READY","","false","false","https://www.vastgoedmakelaarzoeken.com"
"/huis-laten-schatten/bij-scheiding","kennisbank","PASS","PASS","","2772","1","https://www.vastgoedmakelaarzoeken.be/huis-laten-schatten/bij-scheiding","Organization | ContactPoint | AdministrativeArea | WebSite | Article | Thing | BreadcrumbList | ListItem | FAQPage | Question | Answer","2089","informational","Article","5","4","9","3","4","","1","0","0","0","7","0","0","0","10.86","PASS","15","1","0","6","6","true","true","5","PASS","","SAME_PATH_READY","","false","false","https://www.vastgoedmakelaarzoeken.com"
"/huis-leegmaken-bij-verkoop","kennisbank","PASS","PASS","","1968","1","https://www.vastgoedmakelaarzoeken.be/huis-leegmaken-bij-verkoop","Organization | ContactPoint | AdministrativeArea | WebSite | Article | Thing | BreadcrumbList | ListItem | FAQPage | Question | Answer","1179","informational","Article","1","0","5","3","3","","1","0","0","1","1","0","0","2","9","PASS","9","1","0","2","2","true","false","3","PASS","","SAME_PATH_READY","","false","true","https://www.vastgoedmakelaarzoeken.com"
"/huis-schenken-aan-kinderen","kennisbank","PASS","PASS","","2127","1","https://www.vastgoedmakelaarzoeken.be/huis-schenken-aan-kinderen","Organization | ContactPoint | AdministrativeArea | WebSite | Article | Thing | BreadcrumbList | ListItem | FAQPage | Question | Answer","1399","informational","Article","1","0","11","3","4","","1","0","0","0","13","0","0","0","57","PASS","10","1","0","4","4","true","false","3","PASS","","SAME_PATH_READY","","false","true","https://www.vastgoedmakelaarzoeken.com"
"/huis-verkopen-bij-scheiding","kennisbank","PASS","PASS","","3173","1","https://www.vastgoedmakelaarzoeken.be/huis-verkopen-bij-scheiding","Organization | ContactPoint | AdministrativeArea | WebSite | Service | Thing | Country | BreadcrumbList | ListItem | FAQPage | Question | Answer","2307","core","Service","6","5","3","6","4","","1","0","0","0","0","0","0","","","PASS","14","3","0","2","2","true","false","7","PASS","","SAME_PATH_READY","","false","false","https://www.vastgoedmakelaarzoeken.com"
"/huis-verkopen-boven-geschatte-waarde","kennisbank","PASS","PASS","","1968","1","https://www.vastgoedmakelaarzoeken.be/huis-verkopen-boven-geschatte-waarde","Organization | ContactPoint | AdministrativeArea | WebSite | Article | Thing | BreadcrumbList | ListItem | FAQPage | Question | Answer","1246","informational","Article","1","0","9","0","5","","1","0","1","0","46","0","0.021739130434782608","0","6.5","PASS","12","0","0","5","5","true","false","3","PASS","","SAME_PATH_READY","","false","true","https://www.vastgoedmakelaarzoeken.com"
"/huis-verkopen-met-makelaar","kennisbank","PASS","PASS","","2182","1","https://www.vastgoedmakelaarzoeken.be/huis-verkopen-met-makelaar","Organization | ContactPoint | AdministrativeArea | WebSite | Service | Thing | Country | BreadcrumbList | ListItem | FAQPage | Question | Answer","1403","core","Service","1","0","4","10","4","","1","0","0","0","9","0","0","0","54","PASS","11","1","0","1","1","true","false","3","PASS","","SAME_PATH_READY","","false","false","https://www.vastgoedmakelaarzoeken.com"
"/huis-verkopen-met-meerdere-erfgenamen","kennisbank","PASS","PASS","","2079","1","https://www.vastgoedmakelaarzoeken.be/huis-verkopen-met-meerdere-erfgenamen","Organization | ContactPoint | AdministrativeArea | WebSite | Article | Thing | BreadcrumbList | ListItem | FAQPage | Question | Answer","1358","informational","Article","1","0","10","14","4","","1","1","2","27","150","0.037037037037037035","0.013333333333333334","2.3","6.52","PASS","10","0","0","7","7","true","false","4","PASS","","SAME_PATH_READY","","false","true","https://www.vastgoedmakelaarzoeken.com"
"/huis-verkopen-na-1-jaar","kennisbank","PASS","PASS","","2192","1","https://www.vastgoedmakelaarzoeken.be/huis-verkopen-na-1-jaar","Organization | ContactPoint | AdministrativeArea | WebSite | Article | Thing | BreadcrumbList | ListItem | FAQPage | Question | Answer","1472","informational","Article","1","0","17","9","5","","1","0","1","0","21","0","0.047619047619047616","0","20.29","PASS","12","3","0","5","5","true","false","4","PASS","","SAME_PATH_READY","","false","true","https://www.vastgoedmakelaarzoeken.com"
"/huis-verkopen-na-overlijden-partner","kennisbank","PASS","PASS","","2385","1","https://www.vastgoedmakelaarzoeken.be/huis-verkopen-na-overlijden-partner","Organization | ContactPoint | AdministrativeArea | WebSite | Article | Thing | BreadcrumbList | ListItem | FAQPage | Question | Answer","1517","informational","Article","4","3","5","6","4","","1","0","0","0","0","0","0","","","PASS","11","1","0","4","4","true","false","5","PASS","","SAME_PATH_READY","","false","false","https://www.vastgoedmakelaarzoeken.com"
"/huis-verkopen-nieuw-kopen","kennisbank","PASS","PASS","","1437","1","https://www.vastgoedmakelaarzoeken.be/huis-verkopen-nieuw-kopen","Organization | ContactPoint | AdministrativeArea | WebSite | Article | Thing | BreadcrumbList | ListItem | FAQPage | Question | Answer","637","informational","Article","1","0","5","0","4","","1","0","0","0","0","0","0","","","PASS","5","0","0","3","3","true","false","3","PASS","","SAME_PATH_READY","","false","true","https://www.vastgoedmakelaarzoeken.com"
"/huis-verkopen-verplichtingen","kennisbank","PASS","PASS","","3634","1","https://www.vastgoedmakelaarzoeken.be/huis-verkopen-verplichtingen","Organization | ContactPoint | AdministrativeArea | WebSite | Article | Thing | BreadcrumbList | ListItem | FAQPage | Question | Answer","2419","informational","Article","7","6","14","10","4","","1","0","3","47","409","0","0.007334963325183374","76.36","26.64","PASS","12","0","0","8","8","true","true","6","PASS","","SAME_PATH_READY","","false","false","https://www.vastgoedmakelaarzoeken.com"
"/huis-verkopen-verplichtingen/asbest-verwijderen","kennisbank","PASS","PASS","","2085","1","https://www.vastgoedmakelaarzoeken.be/huis-verkopen-verplichtingen/asbest-verwijderen","Organization | ContactPoint | AdministrativeArea | WebSite | Article | Thing | BreadcrumbList | ListItem | FAQPage | Question | Answer","1512","informational","Article","1","0","9","3","5","","1","0","1","0","15","0","0.06666666666666667","0","4.2","PASS","8","1","0","3","3","true","true","4","PASS","","SAME_PATH_READY","","false","true","https://www.vastgoedmakelaarzoeken.com"
"/huis-verkopen-verplichtingen/asbestattest","kennisbank","PASS","PASS","","4253","1","https://www.vastgoedmakelaarzoeken.be/huis-verkopen-verplichtingen/asbestattest","Organization | ContactPoint | AdministrativeArea | WebSite | Article | Thing | Service | Country | BreadcrumbList | ListItem | FAQPage | Question | Answer","2985","core","Article","8","7","16","9","4","","1","0","0","0","17","0","0","0","59","PASS","15","2","0","10","5","true","true","6","PASS","","SAME_PATH_READY","","false","false","https://www.vastgoedmakelaarzoeken.com"
"/huis-verkopen-verplichtingen/asbestattest/gemeenschappelijke-delen","kennisbank","PASS","PASS","","1535","1","https://www.vastgoedmakelaarzoeken.be/huis-verkopen-verplichtingen/asbestattest/gemeenschappelijke-delen","Organization | ContactPoint | AdministrativeArea | WebSite | Article | Thing | BreadcrumbList | ListItem | FAQPage | Question | Answer","892","informational","Article","1","0","9","0","5","","1","0","0","1","33","0","0","3","15.546363636363635","PASS","11","1","0","5","5","true","true","4","PASS","","SAME_PATH_READY","","false","true","https://www.vastgoedmakelaarzoeken.com"
"/huis-verkopen-verplichtingen/asbestattest/prijs","kennisbank","PASS","PASS","","1506","1","https://www.vastgoedmakelaarzoeken.be/huis-verkopen-verplichtingen/asbestattest/prijs","Organization | ContactPoint | AdministrativeArea | WebSite | Article | Thing | BreadcrumbList | ListItem | FAQPage | Question | Answer","811","informational","Article","1","0","13","0","4","","1","0","0","0","49","0","0","0","18.8","PASS","6","1","0","6","6","true","true","4","PASS","","SAME_PATH_READY","","false","true","https://www.vastgoedmakelaarzoeken.com"
"/huis-verkopen-verplichtingen/bodemattest","kennisbank","PASS","PASS","","1461","1","https://www.vastgoedmakelaarzoeken.be/huis-verkopen-verplichtingen/bodemattest","Organization | ContactPoint | AdministrativeArea | WebSite | Article | Thing | BreadcrumbList | ListItem | FAQPage | Question | Answer","864","informational","Article","1","0","11","0","4","","1","0","1","19","125","0","0.008","40.89","14.9","PASS","12","1","0","5","5","true","true","3","PASS","","SAME_PATH_READY","","false","true","https://www.vastgoedmakelaarzoeken.com"
"/huis-verkopen-verplichtingen/elektriciteitskeuring","kennisbank","PASS","PASS","","5161","1","https://www.vastgoedmakelaarzoeken.be/huis-verkopen-verplichtingen/elektriciteitskeuring","Organization | ContactPoint | AdministrativeArea | WebSite | Article | Thing | Service | Country | BreadcrumbList | ListItem | FAQPage | Question | Answer","3881","core","Article","9","8","33","3","4","","1","0","1","4","143","0","0.006993006993006993","3","47.381748251748256","PASS","19","2","0","14","12","true","true","6","PASS","","SAME_PATH_READY","","false","false","https://www.vastgoedmakelaarzoeken.com"
"/huis-verkopen-verplichtingen/elektriciteitskeuring/prijs","kennisbank","PASS","PASS","","1374","1","https://www.vastgoedmakelaarzoeken.be/huis-verkopen-verplichtingen/elektriciteitskeuring/prijs","Organization | ContactPoint | AdministrativeArea | WebSite | Article | Thing | BreadcrumbList | ListItem | FAQPage | Question | Answer","682","informational","Article","1","0","5","1","4","","1","0","0","0","2","0","0","0","25.5","PASS","6","1","0","4","4","true","true","3","PASS","","SAME_PATH_READY","","false","true","https://www.vastgoedmakelaarzoeken.com"
"/huis-verkopen-verplichtingen/epc","kennisbank","PASS","PASS","","4867","1","https://www.vastgoedmakelaarzoeken.be/huis-verkopen-verplichtingen/epc","Organization | ContactPoint | AdministrativeArea | WebSite | Article | Thing | Service | Country | BreadcrumbList | ListItem | FAQPage | Question | Answer","3610","core","Article","10","9","30","4","3","","1","0","0","5","51","0","0","93.8","36.65","PASS","18","1","0","10","8","true","true","6","PASS","","SAME_PATH_READY","","false","false","https://www.vastgoedmakelaarzoeken.com"
"/huis-verkopen-verplichtingen/mazouttank","kennisbank","PASS","PASS","","1791","1","https://www.vastgoedmakelaarzoeken.be/huis-verkopen-verplichtingen/mazouttank","Organization | ContactPoint | AdministrativeArea | WebSite | Article | Thing | BreadcrumbList | ListItem | FAQPage | Question | Answer","1115","informational","Article","1","0","11","0","5","","1","1","0","16","175","0.0625","0","2.75","13.15","PASS","11","0","0","5","5","true","true","3","PASS","","SAME_PATH_READY","","false","true","https://www.vastgoedmakelaarzoeken.com"
"/huis-verkopen-zonder-makelaar","kennisbank","PASS","PASS","","5309","1","https://www.vastgoedmakelaarzoeken.be/huis-verkopen-zonder-makelaar","Organization | ContactPoint | AdministrativeArea | WebSite | Article | Thing | BreadcrumbList | ListItem | FAQPage | Question | Answer","4210","informational","Article","10","9","14","18","5","","1","0","0","1","0","0","0","94","0","PASS","15","2","0","9","8","true","false","6","PASS","","SAME_PATH_READY","","false","false","https://www.vastgoedmakelaarzoeken.com"
"/huis-zelf-verkopen-documenten","kennisbank","PASS","PASS","","1786","1","https://www.vastgoedmakelaarzoeken.be/huis-zelf-verkopen-documenten","Organization | ContactPoint | AdministrativeArea | WebSite | Article | Thing | BreadcrumbList | ListItem | FAQPage | Question | Answer","1103","informational","Article","1","0","15","4","5","","1","0","0","0","103","0","0","0","73.23","PASS","12","0","0","8","8","true","false","3","PASS","","SAME_PATH_READY","","false","true","https://www.vastgoedmakelaarzoeken.com"
"/huurcontract-1-jaar","kennisbank","PASS","PASS","","3657","1","https://www.vastgoedmakelaarzoeken.be/huurcontract-1-jaar","Organization | ContactPoint | AdministrativeArea | WebSite | Article | Thing | BreadcrumbList | ListItem | FAQPage | Question | Answer","2625","informational","Article","7","6","16","5","6","","1","0","0","0","0","0","0","","","PASS","16","2","0","11","11","true","false","5","PASS","","SAME_PATH_READY","","false","false","https://www.vastgoedmakelaarzoeken.com"
"/huurcontract-1-jaar-opzeggen-door-verhuurder","kennisbank","PASS","PASS","","1793","1","https://www.vastgoedmakelaarzoeken.be/huurcontract-1-jaar-opzeggen-door-verhuurder","Organization | ContactPoint | AdministrativeArea | WebSite | Article | Thing | BreadcrumbList | ListItem | FAQPage | Question | Answer","1092","informational","Article","2","1","5","0","3","","1","1","0","22","232","0.045454545454545456","0","16.82","15.78","PASS","8","1","0","3","3","true","false","4","PASS","","SAME_PATH_READY","","false","false","https://www.vastgoedmakelaarzoeken.com"
"/huurcontract-niet-geregistreerd","kennisbank","PASS","PASS","","1969","1","https://www.vastgoedmakelaarzoeken.be/huurcontract-niet-geregistreerd","Organization | ContactPoint | AdministrativeArea | WebSite | Article | Thing | BreadcrumbList | ListItem | FAQPage | Question | Answer","1327","informational","Article","1","0","17","4","5","","1","0","0","3","40","0","0","2.67","9.95","PASS","11","0","0","9","9","true","false","4","PASS","","SAME_PATH_READY","","false","true","https://www.vastgoedmakelaarzoeken.com"
"/huurkoop-woning","kennisbank","PASS","PASS","","2017","1","https://www.vastgoedmakelaarzoeken.be/huurkoop-woning","Organization | ContactPoint | AdministrativeArea | WebSite | Article | Thing | BreadcrumbList | ListItem | FAQPage | Question | Answer","1431","informational","Article","1","0","10","5","4","","1","0","0","0","5","0","0","0","7.401999999999999","PASS","12","0","0","6","6","true","false","3","PASS","","SAME_PATH_READY","","false","true","https://www.vastgoedmakelaarzoeken.com"
"/huurprijs-berekenen","kennisbank","PASS","PASS","","1507","1","https://www.vastgoedmakelaarzoeken.be/huurprijs-berekenen","Organization | ContactPoint | AdministrativeArea | WebSite | Article | Thing | BreadcrumbList | ListItem | FAQPage | Question | Answer","849","informational","Article","1","0","4","2","4","","1","0","0","6","38","0","0","84.33","23.21","PASS","7","0","0","1","1","true","false","4","PASS","","SAME_PATH_READY","","false","false","https://www.vastgoedmakelaarzoeken.com"
"/hypothecair-mandaat","kennisbank","PASS","PASS","","2018","1","https://www.vastgoedmakelaarzoeken.be/hypothecair-mandaat","Organization | ContactPoint | AdministrativeArea | WebSite | Article | Thing | BreadcrumbList | ListItem | FAQPage | Question | Answer","1410","informational","Article","1","0","4","2","5","","1","0","0","0","7","0","0","0","26.57","PASS","10","0","0","3","3","true","false","3","PASS","","SAME_PATH_READY","","false","false","https://www.vastgoedmakelaarzoeken.com"
"/hypothecaire-volmacht","kennisbank","PASS","CONSOLIDATED","301 naar /hypothecair-mandaat; noindex; uitgesloten uit sitemap","2083","1","https://www.vastgoedmakelaarzoeken.be/hypothecaire-volmacht","Organization | ContactPoint | AdministrativeArea | WebSite | Article | Thing | BreadcrumbList | ListItem | FAQPage | Question | Answer","1400","informational","Article","1","0","4","1","4","","not_applicable","0","0","0","6","0","0","0","8.83","PASS","11","0","0","2","2","true","false","3","not_applicable","inhoudelijke eigenaar gekozen","REDIRECT_READY","/hypothecair-mandaat","true","false","https://www.vastgoedmakelaarzoeken.com"
"/kadastraal-inkomen-appartement","kennisbank","PASS","PASS","","1975","1","https://www.vastgoedmakelaarzoeken.be/kadastraal-inkomen-appartement","Organization | ContactPoint | AdministrativeArea | WebSite | Article | Thing | BreadcrumbList | ListItem | FAQPage | Question | Answer","1392","informational","Article","1","0","7","2","4","","1","0","2","8","127","0","0.015748031496062992","54.75","17.12","PASS","12","0","0","4","4","true","false","4","PASS","","SAME_PATH_READY","","false","true","https://www.vastgoedmakelaarzoeken.com"
"/kadastraal-inkomen-berekenen-na-verbouwing","kennisbank","PASS","PASS","","1723","1","https://www.vastgoedmakelaarzoeken.be/kadastraal-inkomen-berekenen-na-verbouwing","Organization | ContactPoint | AdministrativeArea | WebSite | Article | Thing | BreadcrumbList | ListItem | FAQPage | Question | Answer","1069","informational","Article","1","0","8","0","4","","1","0","0","0","6","0","0","0","10.33","PASS","11","0","0","4","4","true","false","4","PASS","","SAME_PATH_READY","","false","true","https://www.vastgoedmakelaarzoeken.com"
"/kamer-verhuren-in-eigen-huis","kennisbank","PASS","PASS","","2493","1","https://www.vastgoedmakelaarzoeken.be/kamer-verhuren-in-eigen-huis","Organization | ContactPoint | AdministrativeArea | WebSite | Article | Thing | BreadcrumbList | ListItem | FAQPage | Question | Answer","1747","informational","Article","1","0","16","2","4","","1","0","0","0","8","0","0","0","4.25","PASS","13","1","0","6","6","true","false","3","PASS","","SAME_PATH_READY","","false","true","https://www.vastgoedmakelaarzoeken.com"
"/kangoeroewoning","kennisbank","PASS","PASS","","1439","1","https://www.vastgoedmakelaarzoeken.be/kangoeroewoning","Organization | ContactPoint | AdministrativeArea | WebSite | Article | Thing | BreadcrumbList | ListItem | FAQPage | Question | Answer","760","informational","Article","1","0","4","0","3","","1","0","0","1","17","0","0","3","6.29","PASS","6","1","0","2","2","true","false","3","PASS","","SAME_PATH_READY","","false","false","https://www.vastgoedmakelaarzoeken.com"
"/kosten-vastgoedmakelaar","kennisbank","PASS","PASS","","1331","1","https://www.vastgoedmakelaarzoeken.be/kosten-vastgoedmakelaar","Organization | ContactPoint | AdministrativeArea | WebSite | Service | Thing | Country | BreadcrumbList | ListItem | FAQPage | Question | Answer","625","core","Service","3","2","0","4","5","","1","0","1","2","139","0","0.007194244604316547","6","42","PASS","6","1","0","0","0","true","false","3","PASS","","SAME_PATH_READY","","false","false","https://www.vastgoedmakelaarzoeken.com"
"/kosten-verkoop-huis","kennisbank","PASS","PASS","","3820","1","https://www.vastgoedmakelaarzoeken.be/kosten-verkoop-huis","Organization | ContactPoint | AdministrativeArea | WebSite | Article | Thing | BreadcrumbList | ListItem | FAQPage | Question | Answer","2587","informational","Article","6","5","17","11","6","","1","0","0","74","484","0","0","55.564864864864866","19.36","PASS","12","2","0","9","9","true","false","6","PASS","","SAME_PATH_READY","","false","false","https://www.vastgoedmakelaarzoeken.com"
"/leeftijdsgrens-overbruggingskrediet","kennisbank","PASS","PASS","","1320","1","https://www.vastgoedmakelaarzoeken.be/leeftijdsgrens-overbruggingskrediet","Organization | ContactPoint | AdministrativeArea | WebSite | Article | Thing | BreadcrumbList | ListItem | FAQPage | Question | Answer","584","informational","Article","1","0","4","0","4","","1","0","0","14","19","0","0","47.57","6.840000000000001","PASS","5","0","0","3","3","true","false","3","PASS","","SAME_PATH_READY","","false","false","https://www.vastgoedmakelaarzoeken.com"
"/lening-overzetten-op-ander-huis","kennisbank","PASS","PASS","","1604","1","https://www.vastgoedmakelaarzoeken.be/lening-overzetten-op-ander-huis","Organization | ContactPoint | AdministrativeArea | WebSite | Article | Thing | BreadcrumbList | ListItem | FAQPage | Question | Answer","986","informational","Article","1","0","6","0","5","","1","0","1","0","15","0","0.06666666666666667","0","7.53","PASS","9","0","0","4","4","true","false","4","PASS","","SAME_PATH_READY","","false","true","https://www.vastgoedmakelaarzoeken.com"
"/lijfrente-huis-kopen","kennisbank","PASS","PASS","","2407","1","https://www.vastgoedmakelaarzoeken.be/lijfrente-huis-kopen","Organization | ContactPoint | AdministrativeArea | WebSite | Article | Thing | BreadcrumbList | ListItem | FAQPage | Question | Answer","1723","informational","Article","1","0","5","2","3","","1","0","0","0","0","0","0","","","PASS","11","0","0","2","2","true","false","3","PASS","","SAME_PATH_READY","","false","true","https://www.vastgoedmakelaarzoeken.com"
"/meerwaardebelasting-vastgoed","kennisbank","PASS","PASS","","1564","1","https://www.vastgoedmakelaarzoeken.be/meerwaardebelasting-vastgoed","Organization | ContactPoint | AdministrativeArea | WebSite | Article | Thing | BreadcrumbList | ListItem | FAQPage | Question | Answer","837","informational","Article","1","0","1","0","3","","1","0","0","0","4","0","0","0","12","PASS","6","0","0","0","0","true","false","3","PASS","","SAME_PATH_READY","","false","false","https://www.vastgoedmakelaarzoeken.com"
"/minimum-tijd-tussen-compromis-en-akte","kennisbank","PASS","PASS","","2521","1","https://www.vastgoedmakelaarzoeken.be/minimum-tijd-tussen-compromis-en-akte","Organization | ContactPoint | AdministrativeArea | WebSite | Article | Thing | BreadcrumbList | ListItem | FAQPage | Question | Answer","1753","informational","Article","1","0","18","0","4","","1","0","0","0","65","0","0","0","9","PASS","12","0","0","8","8","true","false","3","PASS","","SAME_PATH_READY","","false","true","https://www.vastgoedmakelaarzoeken.com"
"/miserietaks","kennisbank","PASS","PASS","","1532","1","https://www.vastgoedmakelaarzoeken.be/miserietaks","Organization | ContactPoint | AdministrativeArea | WebSite | Article | Thing | BreadcrumbList | ListItem | FAQPage | Question | Answer","850","informational","Article","1","0","5","2","4","","1","0","0","0","1","0","0","0","9","PASS","7","0","0","2","2","true","false","4","PASS","","SAME_PATH_READY","","false","true","https://www.vastgoedmakelaarzoeken.com"
"/mobiscore","kennisbank","PASS","PASS","","1458","1","https://www.vastgoedmakelaarzoeken.be/mobiscore","Organization | ContactPoint | AdministrativeArea | WebSite | Article | Thing | BreadcrumbList | ListItem | FAQPage | Question | Answer","801","informational","Article","1","0","3","2","2","","1","0","0","0","0","0","0","","","PASS","7","0","0","1","1","true","false","3","PASS","","SAME_PATH_READY","","false","false","https://www.vastgoedmakelaarzoeken.com"
"/modulair-bouwen","kennisbank","PASS","PASS","","1999","1","https://www.vastgoedmakelaarzoeken.be/modulair-bouwen","Organization | ContactPoint | AdministrativeArea | WebSite | Article | Thing | BreadcrumbList | ListItem | FAQPage | Question | Answer","1346","informational","Article","1","0","5","0","5","","1","0","0","0","1","0","0","0","8","PASS","10","0","0","4","4","true","false","3","PASS","","SAME_PATH_READY","","false","true","https://www.vastgoedmakelaarzoeken.com"
"/nieuwbouw-kopen-waar-op-letten","kennisbank","PASS","PASS","","2113","1","https://www.vastgoedmakelaarzoeken.be/nieuwbouw-kopen-waar-op-letten","Organization | ContactPoint | AdministrativeArea | WebSite | Article | Thing | BreadcrumbList | ListItem | FAQPage | Question | Answer","1461","informational","Article","1","0","2","4","5","","1","0","0","0","22","0","0","0","20.77","PASS","13","3","0","1","1","true","false","3","PASS","","SAME_PATH_READY","","false","false","https://www.vastgoedmakelaarzoeken.com"
"/notariskosten-verkoop-huis","kennisbank","PASS","PASS","","2057","1","https://www.vastgoedmakelaarzoeken.be/notariskosten-verkoop-huis","Organization | ContactPoint | AdministrativeArea | WebSite | Article | Thing | BreadcrumbList | ListItem | FAQPage | Question | Answer","1383","informational","Article","1","0","4","3","4","","1","0","0","0","6","0","0","0","8.17","PASS","11","0","0","2","2","true","false","3","PASS","","SAME_PATH_READY","","false","false","https://www.vastgoedmakelaarzoeken.com"
"/notariskosten-verkoop-huis/wie-betaalt","kennisbank","PASS","PASS","","1868","1","https://www.vastgoedmakelaarzoeken.be/notariskosten-verkoop-huis/wie-betaalt","Organization | ContactPoint | AdministrativeArea | WebSite | Article | Thing | BreadcrumbList | ListItem | FAQPage | Question | Answer","1160","informational","Article","1","0","7","0","4","","1","0","0","0","1","0","0","0","4","PASS","11","0","0","2","2","true","true","3","PASS","","SAME_PATH_READY","","false","true","https://www.vastgoedmakelaarzoeken.com"
"/onderverhuren","kennisbank","PASS","PASS","","2168","1","https://www.vastgoedmakelaarzoeken.be/onderverhuren","Organization | ContactPoint | AdministrativeArea | WebSite | Article | Thing | BreadcrumbList | ListItem | FAQPage | Question | Answer","1540","informational","Article","1","0","6","4","4","","1","0","0","0","9","0","0","0","7.67","PASS","13","0","0","4","4","true","false","3","PASS","","SAME_PATH_READY","","false","true","https://www.vastgoedmakelaarzoeken.com"
"/onroerende-voorheffing","kennisbank","PASS","PASS","","3109","1","https://www.vastgoedmakelaarzoeken.be/onroerende-voorheffing","Organization | ContactPoint | AdministrativeArea | WebSite | Article | Thing | BreadcrumbList | ListItem | FAQPage | Question | Answer","2211","informational","Article","8","7","11","5","6","","1","0","0","3","37","0","0","53.669999999999995","31.38","PASS","15","2","0","7","7","true","false","5","PASS","","SAME_PATH_READY","","false","false","https://www.vastgoedmakelaarzoeken.com"
"/openbare-verkoop-huis","kennisbank","PASS","PASS","","2076","1","https://www.vastgoedmakelaarzoeken.be/openbare-verkoop-huis","Organization | ContactPoint | AdministrativeArea | WebSite | Article | Thing | BreadcrumbList | ListItem | FAQPage | Question | Answer","1388","informational","Article","1","0","12","0","4","","1","0","0","0","0","0","0","","","PASS","11","2","0","6","6","true","false","3","PASS","","SAME_PATH_READY","","false","true","https://www.vastgoedmakelaarzoeken.com"
"/opschortende-voorwaarde","kennisbank","PASS","PASS","","2072","1","https://www.vastgoedmakelaarzoeken.be/opschortende-voorwaarde","Organization | ContactPoint | AdministrativeArea | WebSite | Article | Thing | BreadcrumbList | ListItem | FAQPage | Question | Answer","1430","informational","Article","1","0","12","3","4","","1","0","1","1","13","0","0.07692307692307693","3","12.54","PASS","12","0","0","6","6","true","false","3","PASS","","SAME_PATH_READY","","false","true","https://www.vastgoedmakelaarzoeken.com"
"/optie-nemen-op-huis","kennisbank","PASS","PASS","","2539","1","https://www.vastgoedmakelaarzoeken.be/optie-nemen-op-huis","Organization | ContactPoint | AdministrativeArea | WebSite | Article | Thing | BreadcrumbList | ListItem | FAQPage | Question | Answer","1822","informational","Article","1","0","14","1","5","","1","0","2","4","224","0","0.008928571428571428","2","8.24","PASS","12","1","0","6","6","true","false","3","PASS","","SAME_PATH_READY","","false","true","https://www.vastgoedmakelaarzoeken.com"
"/ouderlijk-huis-verkopen-voor-overlijden","kennisbank","PASS","PASS","","3449","1","https://www.vastgoedmakelaarzoeken.be/ouderlijk-huis-verkopen-voor-overlijden","Organization | ContactPoint | AdministrativeArea | WebSite | Article | Thing | BreadcrumbList | ListItem | FAQPage | Question | Answer","2401","informational","Article","11","10","15","5","5","","1","0","0","0","174","0","0","0","37.93","PASS","14","0","0","8","6","true","false","4","PASS","","SAME_PATH_READY","","false","false","https://www.vastgoedmakelaarzoeken.com"
"/overhangende-takken-buur","kennisbank","PASS","PASS","","2250","1","https://www.vastgoedmakelaarzoeken.be/overhangende-takken-buur","Organization | ContactPoint | AdministrativeArea | WebSite | Article | Thing | BreadcrumbList | ListItem | FAQPage | Question | Answer","1461","informational","Article","1","0","18","1","5","","1","0","0","0","17","0","0","0","7.998235294117647","PASS","12","1","0","7","7","true","true","3","PASS","","SAME_PATH_READY","","false","true","https://www.vastgoedmakelaarzoeken.com"
"/plaatsbeschrijving","kennisbank","PASS","PASS","","1840","1","https://www.vastgoedmakelaarzoeken.be/plaatsbeschrijving","Organization | ContactPoint | AdministrativeArea | WebSite | Article | Thing | BreadcrumbList | ListItem | FAQPage | Question | Answer","1146","informational","Article","1","0","7","1","4","","1","0","0","0","0","0","0","","","PASS","10","0","0","4","4","true","false","3","PASS","","SAME_PATH_READY","","false","true","https://www.vastgoedmakelaarzoeken.com"
"/postinterventiedossier","kennisbank","PASS","PASS","","3069","1","https://www.vastgoedmakelaarzoeken.be/postinterventiedossier","Organization | ContactPoint | AdministrativeArea | WebSite | Service | Thing | Country | BreadcrumbList | ListItem | FAQPage | Question | Answer","2001","core","Service","3","2","19","1","4","","1","0","0","12","26","0","0","61.580000000000005","38.31","PASS","15","0","0","10","10","true","false","3","PASS","","SAME_PATH_READY","","false","false","https://www.vastgoedmakelaarzoeken.com"
"/prijs-bouwgrond-berekenen","kennisbank","PASS","PASS","","4249","1","https://www.vastgoedmakelaarzoeken.be/prijs-bouwgrond-berekenen","Organization | ContactPoint | AdministrativeArea | WebSite | Article | Thing | BreadcrumbList | ListItem | FAQPage | Question | Answer","1588","informational","Article","1","0","3","2","6","","1","0","6","15","431","0","0.013921113689095127","44","6.7770533642691415","PASS","11","2","0","2","2","true","false","3","PASS","","SAME_PATH_READY","","false","false","https://www.vastgoedmakelaarzoeken.com"
"/registratierechten","kennisbank","PASS","PASS","","2078","1","https://www.vastgoedmakelaarzoeken.be/registratierechten","Organization | ContactPoint | AdministrativeArea | WebSite | Article | Thing | BreadcrumbList | ListItem | FAQPage | Question | Answer","1502","informational","Article","4","3","7","3","5","","1","0","1","2","49","0","0.02040816326530612","42","50.04","PASS","12","1","0","6","6","true","false","3","PASS","","SAME_PATH_READY","","false","false","https://www.vastgoedmakelaarzoeken.com"
"/registratierechten/eerste-woning","kennisbank","PASS","PASS","","1972","1","https://www.vastgoedmakelaarzoeken.be/registratierechten/eerste-woning","Organization | ContactPoint | AdministrativeArea | WebSite | Article | Thing | BreadcrumbList | ListItem | FAQPage | Question | Answer","1242","informational","Article","1","0","10","0","4","","1","0","0","1","112","0","0","78","21.26","PASS","12","0","0","5","5","true","true","3","PASS","","SAME_PATH_READY","","false","true","https://www.vastgoedmakelaarzoeken.com"
"/registratierechten/tweede-woning","kennisbank","PASS","PASS","","1831","1","https://www.vastgoedmakelaarzoeken.be/registratierechten/tweede-woning","Organization | ContactPoint | AdministrativeArea | WebSite | Article | Thing | BreadcrumbList | ListItem | FAQPage | Question | Answer","1198","informational","Article","1","0","9","0","5","","1","0","0","0","26","0","0","0","12.04","PASS","10","2","0","3","3","true","true","3","PASS","","SAME_PATH_READY","","false","true","https://www.vastgoedmakelaarzoeken.com"
"/renovatielening","kennisbank","PASS","PASS","","1451","1","https://www.vastgoedmakelaarzoeken.be/renovatielening","Organization | ContactPoint | AdministrativeArea | WebSite | Article | Thing | BreadcrumbList | ListItem | FAQPage | Question | Answer","733","informational","Article","1","0","2","4","1","","1","0","0","0","3","0","0","0","69","PASS","7","1","0","1","1","true","false","3","PASS","","SAME_PATH_READY","","false","true","https://www.vastgoedmakelaarzoeken.com"
"/renovatieplicht-2030","kennisbank","PASS","PASS","","1764","1","https://www.vastgoedmakelaarzoeken.be/renovatieplicht-2030","Organization | ContactPoint | AdministrativeArea | WebSite | Article | Thing | BreadcrumbList | ListItem | FAQPage | Question | Answer","1025","informational","Article","1","0","7","2","3","","1","0","1","11","131","0","0.007633587786259542","11.909999999999998","21.16","PASS","11","2","0","6","6","true","false","3","PASS","","SAME_PATH_READY","","false","true","https://www.vastgoedmakelaarzoeken.com"
"/renovatieplicht-bestaande-woning","kennisbank","PASS","CONSOLIDATED","301 naar /renovatieplicht-2030; noindex; uitgesloten uit sitemap","1717","1","https://www.vastgoedmakelaarzoeken.be/renovatieplicht-bestaande-woning","Organization | ContactPoint | AdministrativeArea | WebSite | Article | Thing | BreadcrumbList | ListItem | FAQPage | Question | Answer","1041","informational","Article","1","0","3","3","4","","not_applicable","0","0","0","2","0","0","0","8.5","PASS","10","1","0","2","2","true","false","3","not_applicable","inhoudelijke eigenaar gekozen","REDIRECT_READY","/renovatieplicht-2030","true","false","https://www.vastgoedmakelaarzoeken.com"
"/renteloos-renovatiekrediet","kennisbank","PASS","PASS","","1504","1","https://www.vastgoedmakelaarzoeken.be/renteloos-renovatiekrediet","Organization | ContactPoint | AdministrativeArea | WebSite | Article | Thing | BreadcrumbList | ListItem | FAQPage | Question | Answer","797","informational","Article","1","0","6","0","4","","1","0","0","2","5","0","0","71","22.6","PASS","5","1","0","2","2","true","false","3","PASS","","SAME_PATH_READY","","false","true","https://www.vastgoedmakelaarzoeken.com"
"/schenking-onroerend-goed","kennisbank","PASS","PASS","","1935","1","https://www.vastgoedmakelaarzoeken.be/schenking-onroerend-goed","Organization | ContactPoint | AdministrativeArea | WebSite | Article | Thing | BreadcrumbList | ListItem | FAQPage | Question | Answer","1267","informational","Article","1","0","6","0","5","","1","0","0","0","7","0","0","0","42","PASS","11","0","0","5","5","true","false","3","PASS","","SAME_PATH_READY","","false","true","https://www.vastgoedmakelaarzoeken.com"
"/schuldsaldoverzekering-prijs","kennisbank","PASS","PASS","","1698","1","https://www.vastgoedmakelaarzoeken.be/schuldsaldoverzekering-prijs","Organization | ContactPoint | AdministrativeArea | WebSite | Article | Thing | BreadcrumbList | ListItem | FAQPage | Question | Answer","1004","informational","Article","1","0","4","0","3","","1","0","1","4","65","0","0.015384615384615385","66.5","43.97","PASS","11","1","0","3","3","true","false","3","PASS","","SAME_PATH_READY","","false","false","https://www.vastgoedmakelaarzoeken.com"
"/sleutel-op-de-deur-woning","kennisbank","PASS","PASS","","2392","1","https://www.vastgoedmakelaarzoeken.be/sleutel-op-de-deur-woning","Organization | ContactPoint | AdministrativeArea | WebSite | Article | Thing | BreadcrumbList | ListItem | FAQPage | Question | Answer","1535","informational","Article","1","0","5","2","6","","1","0","0","0","8","0","0","0","13.38","PASS","11","1","0","3","3","true","false","3","PASS","","SAME_PATH_READY","","false","true","https://www.vastgoedmakelaarzoeken.com"
"/staalbouw-woning","kennisbank","PASS","PASS","","1606","1","https://www.vastgoedmakelaarzoeken.be/staalbouw-woning","Organization | ContactPoint | AdministrativeArea | WebSite | Article | Thing | BreadcrumbList | ListItem | FAQPage | Question | Answer","1038","informational","Article","1","0","6","4","4","","1","0","0","0","0","0","0","","","PASS","10","0","0","2","2","true","false","3","PASS","","SAME_PATH_READY","","false","true","https://www.vastgoedmakelaarzoeken.com"
"/successierechten-vermijden","kennisbank","PASS","PASS","","2105","1","https://www.vastgoedmakelaarzoeken.be/successierechten-vermijden","Organization | ContactPoint | AdministrativeArea | WebSite | Article | Thing | BreadcrumbList | ListItem | FAQPage | Question | Answer","1497","informational","Article","1","0","9","3","4","","1","0","0","0","14","0","0","0","10.709999999999999","PASS","10","1","0","6","6","true","false","5","PASS","","SAME_PATH_READY","","false","true","https://www.vastgoedmakelaarzoeken.com"
"/successierechten-woning","kennisbank","PASS","PASS","","1934","1","https://www.vastgoedmakelaarzoeken.be/successierechten-woning","Organization | ContactPoint | AdministrativeArea | WebSite | Article | Thing | BreadcrumbList | ListItem | FAQPage | Question | Answer","1168","informational","Article","1","0","8","2","4","","1","0","0","0","17","0","0","0","14.24","PASS","8","0","0","6","6","true","false","5","PASS","","SAME_PATH_READY","","false","true","https://www.vastgoedmakelaarzoeken.com"
"/syndicus","kennisbank","PASS","PASS","","1430","1","https://www.vastgoedmakelaarzoeken.be/syndicus","Organization | ContactPoint | AdministrativeArea | WebSite | Article | Thing | BreadcrumbList | ListItem | FAQPage | Question | Answer","751","informational","Article","1","0","6","0","2","","1","0","0","6","18","0","0","61.5","24.78","PASS","7","0","0","3","3","true","false","4","PASS","","SAME_PATH_READY","","false","true","https://www.vastgoedmakelaarzoeken.com"
"/tuinhuis-zonder-vergunning","kennisbank","PASS","PASS","","2283","1","https://www.vastgoedmakelaarzoeken.be/tuinhuis-zonder-vergunning","Organization | ContactPoint | AdministrativeArea | WebSite | Article | Thing | BreadcrumbList | ListItem | FAQPage | Question | Answer","1598","informational","Article","1","0","17","2","4","","1","0","1","1","225","0","0.0044444444444444444","2","18.173333333333332","PASS","12","0","0","9","9","true","false","3","PASS","","SAME_PATH_READY","","false","true","https://www.vastgoedmakelaarzoeken.com"
"/vanaf-hoe-laat-mag-je-lawaai-maken","kennisbank","PASS","PASS","","3057","1","https://www.vastgoedmakelaarzoeken.be/vanaf-hoe-laat-mag-je-lawaai-maken","Organization | ContactPoint | AdministrativeArea | WebSite | Article | Thing | BreadcrumbList | ListItem | FAQPage | Question | Answer","2127","informational","Article","13","12","4","2","4","","1","0","1","1","144","0","0.006944444444444444","3","7.970000000000001","PASS","17","0","0","3","2","true","true","4","PASS","","SAME_PATH_READY","","false","false","https://www.vastgoedmakelaarzoeken.com"
"/vastgoedkantoren/antwerpen","lokale-kantoorhub","PASS","PASS","","2048","1","https://www.vastgoedmakelaarzoeken.be/vastgoedkantoren/antwerpen","Organization | ContactPoint | AdministrativeArea | WebSite | WebPage | Thing | BreadcrumbList | ListItem | FAQPage | Question | Answer","1196","local","WebPage","2","1","2","4","3","6","1","0","1","6","44","0","0.022727272727272728","79.83","29.730000000000004","PASS","9","0","0","1","1","true","false","5","PASS","","SAME_PATH_READY","","false","false","https://www.vastgoedmakelaarzoeken.com"
"/vastgoedkantoren/limburg","lokale-kantoorhub","PASS","PASS","","1541","1","https://www.vastgoedmakelaarzoeken.be/vastgoedkantoren/limburg","Organization | ContactPoint | AdministrativeArea | WebSite | WebPage | Thing | BreadcrumbList | ListItem | FAQPage | Question | Answer","816","local","WebPage","0","0","1","3","3","5","1","0","0","1","57","0","0","10","29.722280701754382","PASS","10","0","0","1","1","true","false","3","PASS","","SAME_PATH_READY","","false","false","https://www.vastgoedmakelaarzoeken.com"
"/vastgoedkantoren/limburg/heusden-zolder","lokale-kantoorhub","PASS","PASS","","1537","1","https://www.vastgoedmakelaarzoeken.be/vastgoedkantoren/limburg/heusden-zolder","Organization | ContactPoint | AdministrativeArea | WebSite | WebPage | Thing | BreadcrumbList | ListItem | FAQPage | Question | Answer","799","local","WebPage","1","1","5","4","3","6","1","0","0","0","51","0","0","0","33.76","PASS","8","1","0","2","2","true","false","4","PASS","","SAME_PATH_READY","","false","false","https://www.vastgoedmakelaarzoeken.com"
"/vastgoedkantoren/vlaams-brabant","lokale-kantoorhub","PASS","PASS","","1698","1","https://www.vastgoedmakelaarzoeken.be/vastgoedkantoren/vlaams-brabant","Organization | ContactPoint | AdministrativeArea | WebSite | WebPage | Thing | BreadcrumbList | ListItem | FAQPage | Question | Answer","1115","local","WebPage","0","0","7","7","3","5","1","0","0","0","7","0","0","0","22.71","PASS","12","1","0","4","4","true","false","3","PASS","","SAME_PATH_READY","","false","false","https://www.vastgoedmakelaarzoeken.com"
"/verborgen-gebreken-huis","kennisbank","PASS","PASS","","2290","1","https://www.vastgoedmakelaarzoeken.be/verborgen-gebreken-huis","Organization | ContactPoint | AdministrativeArea | WebSite | Article | Thing | BreadcrumbList | ListItem | FAQPage | Question | Answer","1534","informational","Article","1","0","12","0","4","","1","0","0","0","2","0","0","0","10","PASS","12","1","0","8","8","true","false","3","PASS","","SAME_PATH_READY","","false","true","https://www.vastgoedmakelaarzoeken.com"
"/verbouwen-zonder-vergunning","kennisbank","PASS","PASS","","1159","1","https://www.vastgoedmakelaarzoeken.be/verbouwen-zonder-vergunning","Organization | ContactPoint | AdministrativeArea | WebSite | Article | Thing | BreadcrumbList | ListItem | FAQPage | Question | Answer","499","informational","Article","1","0","4","0","3","","1","0","0","0","35","0","0","0","37.63","PASS","2","0","0","2","2","true","false","3","PASS","","SAME_PATH_READY","","false","true","https://www.vastgoedmakelaarzoeken.com"
"/verkoop-uit-de-hand","kennisbank","PASS","PASS","","2917","1","https://www.vastgoedmakelaarzoeken.be/verkoop-uit-de-hand","Organization | ContactPoint | AdministrativeArea | WebSite | Article | Thing | BreadcrumbList | ListItem | FAQPage | Question | Answer","2128","informational","Article","1","0","10","13","5","","1","0","0","0","10","0","0","0","18.6","PASS","14","0","0","4","4","true","false","3","PASS","","SAME_PATH_READY","","false","true","https://www.vastgoedmakelaarzoeken.com"
"/verschil-erfpacht-en-opstal","kennisbank","PASS","PASS","","1564","1","https://www.vastgoedmakelaarzoeken.be/verschil-erfpacht-en-opstal","Organization | ContactPoint | AdministrativeArea | WebSite | Article | Thing | BreadcrumbList | ListItem | FAQPage | Question | Answer","858","informational","Article","1","0","2","2","3","","1","0","0","0","29","0","0","0","22.07","PASS","6","0","0","0","0","true","false","3","PASS","","SAME_PATH_READY","","false","false","https://www.vastgoedmakelaarzoeken.com"
"/verwarmen-met-airco","kennisbank","PASS","PASS","","1571","1","https://www.vastgoedmakelaarzoeken.be/verwarmen-met-airco","Organization | ContactPoint | AdministrativeArea | WebSite | Article | Thing | BreadcrumbList | ListItem | FAQPage | Question | Answer","884","informational","Article","1","0","3","2","4","","1","0","0","0","1","0","0","0","5","PASS","8","0","0","2","2","true","true","3","PASS","","SAME_PATH_READY","","false","false","https://www.vastgoedmakelaarzoeken.com"
"/voorkooprecht-betekenis","kennisbank","PASS","PASS","","1471","1","https://www.vastgoedmakelaarzoeken.be/voorkooprecht-betekenis","Organization | ContactPoint | AdministrativeArea | WebSite | Article | Thing | BreadcrumbList | ListItem | FAQPage | Question | Answer","750","informational","Article","1","0","4","2","3","","1","0","0","0","0","0","0","","","PASS","5","1","0","3","3","true","false","3","PASS","","SAME_PATH_READY","","false","false","https://www.vastgoedmakelaarzoeken.com"
"/waarde-woning-berekenen","kennisbank","PASS","PASS","","1856","1","https://www.vastgoedmakelaarzoeken.be/waarde-woning-berekenen","Organization | ContactPoint | AdministrativeArea | WebSite | Article | Thing | BreadcrumbList | ListItem | FAQPage | Question | Answer","1126","informational","Article","1","0","1","3","4","","1","0","0","7","637","0","0","91.14","42.71","PASS","10","0","0","1","1","true","false","3","PASS","","SAME_PATH_READY","","false","false","https://www.vastgoedmakelaarzoeken.com"
"/wallonie","kennisbank","PASS","PASS","","1453","1","https://www.vastgoedmakelaarzoeken.be/wallonie","Organization | ContactPoint | AdministrativeArea | WebSite | Article | Thing | BreadcrumbList | ListItem | FAQPage | Question | Answer","754","informational","Article","1","0","10","0","5","","1","0","0","1","0","0","0","4","0","PASS","8","2","0","4","4","true","false","3","PASS","","SAME_PATH_READY","","false","true","https://www.vastgoedmakelaarzoeken.com"
"/wederbeleggingsvergoeding","kennisbank","PASS","PASS","","2960","1","https://www.vastgoedmakelaarzoeken.be/wederbeleggingsvergoeding","Organization | ContactPoint | AdministrativeArea | WebSite | Article | Thing | BreadcrumbList | ListItem | FAQPage | Question | Answer","2051","informational","Article","4","3","14","5","6","","1","0","0","0","0","0","0","","","PASS","14","1","0","7","7","true","false","6","PASS","","SAME_PATH_READY","","false","false","https://www.vastgoedmakelaarzoeken.com"
"/welke-verzekeringen-zijn-verplicht-als-huurder","kennisbank","PASS","PASS","","1673","1","https://www.vastgoedmakelaarzoeken.be/welke-verzekeringen-zijn-verplicht-als-huurder","Organization | ContactPoint | AdministrativeArea | WebSite | Article | Thing | BreadcrumbList | ListItem | FAQPage | Question | Answer","1013","informational","Article","1","0","8","2","3","","1","0","0","0","0","0","0","","","PASS","11","2","0","3","3","true","false","3","PASS","","SAME_PATH_READY","","false","true","https://www.vastgoedmakelaarzoeken.com"
"/wetgeving-containerwoning","kennisbank","PASS","PASS","","2267","1","https://www.vastgoedmakelaarzoeken.be/wetgeving-containerwoning","Organization | ContactPoint | AdministrativeArea | WebSite | Article | Thing | BreadcrumbList | ListItem | FAQPage | Question | Answer","1568","informational","Article","1","0","11","4","4","","1","0","0","2","70","0","0","89.5","7.971857142857142","PASS","12","1","0","5","5","true","false","3","PASS","","SAME_PATH_READY","","false","true","https://www.vastgoedmakelaarzoeken.com"
"/woning-kopen-met-afgekeurde-elektriciteit","kennisbank","PASS","PASS","","1417","1","https://www.vastgoedmakelaarzoeken.be/woning-kopen-met-afgekeurde-elektriciteit","Organization | ContactPoint | AdministrativeArea | WebSite | Article | Thing | BreadcrumbList | ListItem | FAQPage | Question | Answer","703","informational","Article","1","0","5","1","3","","1","0","0","0","2","0","0","0","8.5","PASS","7","1","0","3","3","true","false","3","PASS","","SAME_PATH_READY","","false","true","https://www.vastgoedmakelaarzoeken.com"
"/woning-kopen-met-epc-f","kennisbank","PASS","PASS","","2035","1","https://www.vastgoedmakelaarzoeken.be/woning-kopen-met-epc-f","Organization | ContactPoint | AdministrativeArea | WebSite | Article | Thing | BreadcrumbList | ListItem | FAQPage | Question | Answer","1079","informational","Article","2","1","5","5","5","","1","0","0","1","0","0","0","6","0","PASS","8","1","0","4","3","true","false","5","PASS","","SAME_PATH_READY","","false","false","https://www.vastgoedmakelaarzoeken.com"
"/woning-verkoopklaar-maken","kennisbank","PASS","PASS","","1624","1","https://www.vastgoedmakelaarzoeken.be/woning-verkoopklaar-maken","Organization | ContactPoint | AdministrativeArea | WebSite | Article | Thing | BreadcrumbList | ListItem | FAQPage | Question | Answer","824","informational","Article","1","0","1","2","3","","1","0","0","0","0","0","0","","","PASS","7","0","0","0","0","true","false","3","PASS","","SAME_PATH_READY","","false","false","https://www.vastgoedmakelaarzoeken.com"
"/woning-verkopen","kennisbank","PASS","PASS","","3830","1","https://www.vastgoedmakelaarzoeken.be/woning-verkopen","Organization | ContactPoint | AdministrativeArea | WebSite | Service | Thing | Country | BreadcrumbList | ListItem | FAQPage | Question | Answer","2777","core","Service","5","4","12","6","4","","1","0","0","0","0","0","0","","","PASS","13","2","0","4","4","true","false","8","PASS","","SAME_PATH_READY","","false","false","https://www.vastgoedmakelaarzoeken.com"
"/zonevreemde-woning-kopen","kennisbank","PASS","PASS","","1595","1","https://www.vastgoedmakelaarzoeken.be/zonevreemde-woning-kopen","Organization | ContactPoint | AdministrativeArea | WebSite | Article | Thing | BreadcrumbList | ListItem | FAQPage | Question | Answer","846","informational","Article","1","0","4","2","3","","1","0","1","12","103","0","0.009708737864077669","44.580000000000005","9.46","PASS","6","0","0","3","3","true","false","3","PASS","","SAME_PATH_READY","","false","false","https://www.vastgoedmakelaarzoeken.com"
"/kantoor","kantoor-overzicht","PASS","PASS","","929","1","https://www.vastgoedmakelaarzoeken.be/kantoor","Organization | ContactPoint | AdministrativeArea | WebSite | BreadcrumbList | ListItem | FAQPage | Question | Answer | CollectionPage | ItemList","","","","","","","","","","","0","0","2","35","0","0","6","33.71","NOT_APPLICABLE","","","","","","","","","PASS","","SAME_PATH_READY","","false","","https://www.vastgoedmakelaarzoeken.com"
"/kantoor/we-invest-demervallei","kantoorprofiel","PASS","PASS","","2118","1","https://www.vastgoedmakelaarzoeken.be/kantoor/we-invest-demervallei","Organization | ContactPoint | AdministrativeArea | WebSite | RealEstateAgent | Person | PropertyValue | PostalAddress | Place | AggregateRating | Review | Rating | BreadcrumbList | ListItem | FAQPage | Question | Answer","","","","","","","","","","","0","0","0","1","0","0","0","6","NOT_APPLICABLE","","","","","","","","","PASS","","SAME_PATH_READY","","false","","https://www.vastgoedmakelaarzoeken.com"
"/kantoor/hillewaere-vastgoed","kantoorprofiel","PASS","PASS","","1021","1","https://www.vastgoedmakelaarzoeken.be/kantoor/hillewaere-vastgoed","Organization | ContactPoint | AdministrativeArea | WebSite | RealEstateAgent | PropertyValue | PostalAddress | Place | AggregateRating | Review | Person | Rating | BreadcrumbList | ListItem | FAQPage | Question | Answer","","","","","","","","","","","0","0","0","10","0","0","0","12.9","NOT_APPLICABLE","","","","","","","","","PASS","","SAME_PATH_READY","","false","","https://www.vastgoedmakelaarzoeken.com"
"/kantoor/heylen-vastgoed","kantoorprofiel","PASS","PASS","","2169","1","https://www.vastgoedmakelaarzoeken.be/kantoor/heylen-vastgoed","Organization | ContactPoint | AdministrativeArea | WebSite | RealEstateAgent | PropertyValue | PostalAddress | Place | AggregateRating | Review | Person | Rating | BreadcrumbList | ListItem | FAQPage | Question | Answer","","","","","","","","","","","0","0","0","13","0","0","0","8.46","NOT_APPLICABLE","","","","","","","","","PASS","","SAME_PATH_READY","","false","","https://www.vastgoedmakelaarzoeken.com"
"/kantoor/vastgoed-michoel","kantoorprofiel","PASS","PASS","","605","1","https://www.vastgoedmakelaarzoeken.be/kantoor/vastgoed-michoel","Organization | ContactPoint | AdministrativeArea | WebSite | RealEstateAgent | PropertyValue | PostalAddress | Place | AggregateRating | Review | Person | Rating | BreadcrumbList | ListItem | FAQPage | Question | Answer","","","","","","","","","","","0","0","0","0","0","0","","","NOT_APPLICABLE","","","","","","","","","PASS","","SAME_PATH_READY","","false","","https://www.vastgoedmakelaarzoeken.com"
"/kantoor/immo-de-prins","kantoorprofiel","PASS","PASS","","818","1","https://www.vastgoedmakelaarzoeken.be/kantoor/immo-de-prins","Organization | ContactPoint | AdministrativeArea | WebSite | RealEstateAgent | PropertyValue | PostalAddress | Place | AggregateRating | Review | Person | Rating | BreadcrumbList | ListItem | FAQPage | Question | Answer","","","","","","","","","","","0","0","1","7","0","0","30","17.29","NOT_APPLICABLE","","","","","","","","","PASS","","SAME_PATH_READY","","false","","https://www.vastgoedmakelaarzoeken.com"
"/kantoor/immo-plees","kantoorprofiel","PASS","PASS","","632","1","https://www.vastgoedmakelaarzoeken.be/kantoor/immo-plees","Organization | ContactPoint | AdministrativeArea | WebSite | RealEstateAgent | PropertyValue | PostalAddress | Place | AggregateRating | Review | Person | Rating | BreadcrumbList | ListItem | FAQPage | Question | Answer","","","","","","","","","","","0","0","3","12","0","0","61.669999999999995","14.92","NOT_APPLICABLE","","","","","","","","","PASS","","SAME_PATH_READY","","false","","https://www.vastgoedmakelaarzoeken.com"
"/kantoor/living-stone-dilbeek","kantoorprofiel","PASS","PASS","","1151","1","https://www.vastgoedmakelaarzoeken.be/kantoor/living-stone-dilbeek","Organization | ContactPoint | AdministrativeArea | WebSite | RealEstateAgent | PropertyValue | PostalAddress | Place | AggregateRating | Review | Person | Rating | BreadcrumbList | ListItem | FAQPage | Question | Answer","","","","","","","","","","","0","0","0","3","0","0","0","10","NOT_APPLICABLE","","","","","","","","","PASS","","SAME_PATH_READY","","false","","https://www.vastgoedmakelaarzoeken.com"
"/kantoor/coga-vastgoed","kantoorprofiel","PASS","PASS","","878","1","https://www.vastgoedmakelaarzoeken.be/kantoor/coga-vastgoed","Organization | ContactPoint | AdministrativeArea | WebSite | RealEstateAgent | PropertyValue | PostalAddress | Place | AggregateRating | Review | Person | Rating | BreadcrumbList | ListItem | FAQPage | Question | Answer","","","","","","","","","","","0","0","0","0","0","0","","","NOT_APPLICABLE","","","","","","","","","PASS","","SAME_PATH_READY","","false","","https://www.vastgoedmakelaarzoeken.com"
"/kantoor/just-wonen","kantoorprofiel","PASS","PASS","","1395","1","https://www.vastgoedmakelaarzoeken.be/kantoor/just-wonen","Organization | ContactPoint | AdministrativeArea | WebSite | RealEstateAgent | PropertyValue | PostalAddress | Place | AggregateRating | Review | Person | Rating | BreadcrumbList | ListItem | FAQPage | Question | Answer","","","","","","","","","","","0","0","1","216","0","0","8","8.92","NOT_APPLICABLE","","","","","","","","","PASS","","SAME_PATH_READY","","false","","https://www.vastgoedmakelaarzoeken.com"
"/kantoor/homerun","kantoorprofiel","PASS","PASS","","1091","1","https://www.vastgoedmakelaarzoeken.be/kantoor/homerun","Organization | ContactPoint | AdministrativeArea | WebSite | RealEstateAgent | PropertyValue | PostalAddress | Place | AggregateRating | Review | Person | Rating | BreadcrumbList | ListItem | FAQPage | Question | Answer","","","","","","","","","","","0","0","0","0","0","0","","","NOT_APPLICABLE","","","","","","","","","PASS","","SAME_PATH_READY","","false","","https://www.vastgoedmakelaarzoeken.com"
"/makelaar/niels-wouters","makelaarprofiel","PASS","PASS","","1405","1","https://www.vastgoedmakelaarzoeken.be/makelaar/niels-wouters","Organization | ContactPoint | AdministrativeArea | WebSite | Person | RealEstateAgent | AggregateRating | Place | BreadcrumbList | ListItem","","","","","","","","","","","0","0","0","4","0","0","0","4.5","NOT_APPLICABLE","","","","","","","","","PASS","","SAME_PATH_READY","","false","","https://www.vastgoedmakelaarzoeken.com"
"/huis-te-koop","aanbod-overzicht","PASS","PASS","","1887","1","https://www.vastgoedmakelaarzoeken.be/huis-te-koop","Organization | ContactPoint | AdministrativeArea | WebSite | CollectionPage | BreadcrumbList | ListItem | ItemList | House | PostalAddress | QuantitativeValue | Offer | RealEstateAgent | FAQPage | Question | Answer","","","","","","","","","","","0","0","0","1","0","0","0","2","NOT_APPLICABLE","","","","","","","","","PASS","","SAME_PATH_READY","","false","","https://www.vastgoedmakelaarzoeken.com"
"/huis-te-koop/limburg","aanbod-provincie","PASS","PASS","","2076","1","https://www.vastgoedmakelaarzoeken.be/huis-te-koop/limburg","Organization | ContactPoint | AdministrativeArea | WebSite | CollectionPage | BreadcrumbList | ListItem | ItemList | House | PostalAddress | QuantitativeValue | Offer | RealEstateAgent | FAQPage | Question | Answer","","","","","","","","","","","0","0","0","0","0","0","","","NOT_APPLICABLE","","","","","","","","","PASS","","SAME_PATH_READY","","false","","https://www.vastgoedmakelaarzoeken.com"
"/huis-te-koop/vlaams-brabant","aanbod-provincie","PASS","PASS","","1270","1","https://www.vastgoedmakelaarzoeken.be/huis-te-koop/vlaams-brabant","Organization | ContactPoint | AdministrativeArea | WebSite | CollectionPage | BreadcrumbList | ListItem | ItemList | House | PostalAddress | QuantitativeValue | Offer | RealEstateAgent | FAQPage | Question | Answer","","","","","","","","","","","0","0","0","0","0","0","","","NOT_APPLICABLE","","","","","","","","","PASS","","SAME_PATH_READY","","false","","https://www.vastgoedmakelaarzoeken.com"
"/huis-te-koop/limburg/beringen","aanbod-gemeente","PASS","PASS","","2133","1","https://www.vastgoedmakelaarzoeken.be/huis-te-koop/limburg/beringen","Organization | ContactPoint | AdministrativeArea | WebSite | CollectionPage | BreadcrumbList | ListItem | ItemList | House | PostalAddress | QuantitativeValue | Offer | RealEstateAgent | FAQPage | Question | Answer","","","","","","","","","","","0","0","0","0","0","0","","","NOT_APPLICABLE","","","","","","","","","PASS","","SAME_PATH_READY","","false","","https://www.vastgoedmakelaarzoeken.com"
"/huis-te-koop/limburg/dilsen-stokkem","aanbod-gemeente","PASS","PASS","","1122","1","https://www.vastgoedmakelaarzoeken.be/huis-te-koop/limburg/dilsen-stokkem","Organization | ContactPoint | AdministrativeArea | WebSite | CollectionPage | BreadcrumbList | ListItem | ItemList | House | PostalAddress | QuantitativeValue | Offer | RealEstateAgent | FAQPage | Question | Answer","","","","","","","","","","","0","0","0","0","0","0","","","NOT_APPLICABLE","","","","","","","","","PASS","","SAME_PATH_READY","","false","","https://www.vastgoedmakelaarzoeken.com"
"/huis-te-koop/limburg/herk-de-stad","aanbod-gemeente","PASS","PASS","","1540","1","https://www.vastgoedmakelaarzoeken.be/huis-te-koop/limburg/herk-de-stad","Organization | ContactPoint | AdministrativeArea | WebSite | CollectionPage | BreadcrumbList | ListItem | ItemList | House | PostalAddress | QuantitativeValue | Offer | RealEstateAgent | FAQPage | Question | Answer","","","","","","","","","","","0","0","0","1","0","0","0","8","NOT_APPLICABLE","","","","","","","","","PASS","","SAME_PATH_READY","","false","","https://www.vastgoedmakelaarzoeken.com"
"/huis-te-koop/limburg/houthalen-helchteren","aanbod-gemeente","PASS","PASS","","1118","1","https://www.vastgoedmakelaarzoeken.be/huis-te-koop/limburg/houthalen-helchteren","Organization | ContactPoint | AdministrativeArea | WebSite | CollectionPage | BreadcrumbList | ListItem | ItemList | House | PostalAddress | QuantitativeValue | Offer | RealEstateAgent | FAQPage | Question | Answer","","","","","","","","","","","0","0","0","0","0","0","","","NOT_APPLICABLE","","","","","","","","","PASS","","SAME_PATH_READY","","false","","https://www.vastgoedmakelaarzoeken.com"
"/huis-te-koop/limburg/lummen","aanbod-gemeente","PASS","PASS","","1188","1","https://www.vastgoedmakelaarzoeken.be/huis-te-koop/limburg/lummen","Organization | ContactPoint | AdministrativeArea | WebSite | CollectionPage | BreadcrumbList | ListItem | ItemList | House | PostalAddress | QuantitativeValue | Offer | RealEstateAgent | FAQPage | Question | Answer","","","","","","","","","","","0","0","0","0","0","0","","","NOT_APPLICABLE","","","","","","","","","PASS","","SAME_PATH_READY","","false","","https://www.vastgoedmakelaarzoeken.com"
"/huis-te-koop/limburg/tessenderlo","aanbod-gemeente","PASS","PASS","","1117","1","https://www.vastgoedmakelaarzoeken.be/huis-te-koop/limburg/tessenderlo","Organization | ContactPoint | AdministrativeArea | WebSite | CollectionPage | BreadcrumbList | ListItem | ItemList | House | PostalAddress | QuantitativeValue | Offer | RealEstateAgent | FAQPage | Question | Answer","","","","","","","","","","","0","0","0","0","0","0","","","NOT_APPLICABLE","","","","","","","","","PASS","","SAME_PATH_READY","","false","","https://www.vastgoedmakelaarzoeken.com"
"/huis-te-koop/limburg/zonhoven","aanbod-gemeente","PASS","PASS","","1121","1","https://www.vastgoedmakelaarzoeken.be/huis-te-koop/limburg/zonhoven","Organization | ContactPoint | AdministrativeArea | WebSite | CollectionPage | BreadcrumbList | ListItem | ItemList | House | PostalAddress | QuantitativeValue | Offer | RealEstateAgent | FAQPage | Question | Answer","","","","","","","","","","","0","0","0","3","0","0","0","6.669999999999999","NOT_APPLICABLE","","","","","","","","","PASS","","SAME_PATH_READY","","false","","https://www.vastgoedmakelaarzoeken.com"
"/huis-te-koop/vlaams-brabant/kortenaken","aanbod-gemeente","PASS","PASS","","1070","1","https://www.vastgoedmakelaarzoeken.be/huis-te-koop/vlaams-brabant/kortenaken","Organization | ContactPoint | AdministrativeArea | WebSite | CollectionPage | BreadcrumbList | ListItem | ItemList | House | PostalAddress | QuantitativeValue | Offer | RealEstateAgent | FAQPage | Question | Answer","","","","","","","","","","","0","0","0","0","0","0","","","NOT_APPLICABLE","","","","","","","","","PASS","","SAME_PATH_READY","","false","","https://www.vastgoedmakelaarzoeken.com"
"/huis-te-koop/vlaams-brabant/tielt-winge","aanbod-gemeente","PASS","PASS","","1074","1","https://www.vastgoedmakelaarzoeken.be/huis-te-koop/vlaams-brabant/tielt-winge","Organization | ContactPoint | AdministrativeArea | WebSite | CollectionPage | BreadcrumbList | ListItem | ItemList | House | PostalAddress | QuantitativeValue | Offer | RealEstateAgent | FAQPage | Question | Answer","","","","","","","","","","","0","0","0","0","0","0","","","NOT_APPLICABLE","","","","","","","","","PASS","","SAME_PATH_READY","","false","","https://www.vastgoedmakelaarzoeken.com"
"/appartement-te-koop","aanbod-overzicht","PASS","PASS","","1422","1","https://www.vastgoedmakelaarzoeken.be/appartement-te-koop","Organization | ContactPoint | AdministrativeArea | WebSite | CollectionPage | BreadcrumbList | ListItem | ItemList | Apartment | PostalAddress | QuantitativeValue | Offer | RealEstateAgent | FAQPage | Question | Answer","","","","","","","","","","","0","0","0","0","0","0","","","NOT_APPLICABLE","","","","","","","","","PASS","","SAME_PATH_READY","","false","","https://www.vastgoedmakelaarzoeken.com"
"/appartement-te-koop/limburg","aanbod-provincie","PASS","PASS","","1695","1","https://www.vastgoedmakelaarzoeken.be/appartement-te-koop/limburg","Organization | ContactPoint | AdministrativeArea | WebSite | CollectionPage | BreadcrumbList | ListItem | ItemList | Apartment | PostalAddress | QuantitativeValue | Offer | RealEstateAgent | FAQPage | Question | Answer","","","","","","","","","","","0","0","0","0","0","0","","","NOT_APPLICABLE","","","","","","","","","PASS","","SAME_PATH_READY","","false","","https://www.vastgoedmakelaarzoeken.com"
"/appartement-te-koop/limburg/halen","aanbod-gemeente","PASS","PASS","","1724","1","https://www.vastgoedmakelaarzoeken.be/appartement-te-koop/limburg/halen","Organization | ContactPoint | AdministrativeArea | WebSite | CollectionPage | BreadcrumbList | ListItem | ItemList | Apartment | PostalAddress | QuantitativeValue | Offer | RealEstateAgent | FAQPage | Question | Answer","","","","","","","","","","","0","0","0","0","0","0","","","NOT_APPLICABLE","","","","","","","","","PASS","","SAME_PATH_READY","","false","","https://www.vastgoedmakelaarzoeken.com"
"/appartement-te-koop/limburg/heusden-zolder","aanbod-gemeente","PASS","PASS","","1211","1","https://www.vastgoedmakelaarzoeken.be/appartement-te-koop/limburg/heusden-zolder","Organization | ContactPoint | AdministrativeArea | WebSite | CollectionPage | BreadcrumbList | ListItem | ItemList | Apartment | PostalAddress | QuantitativeValue | Offer | RealEstateAgent | FAQPage | Question | Answer","","","","","","","","","","","0","0","1","0","0","0","5","0","NOT_APPLICABLE","","","","","","","","","PASS","","SAME_PATH_READY","","false","","https://www.vastgoedmakelaarzoeken.com"
"/appartement-te-koop/guido-gezellelaan-131-1-heusden-zolder-168856","woningdetail","PASS","PASS","","1349","1","https://www.vastgoedmakelaarzoeken.be/appartement-te-koop/guido-gezellelaan-131-1-heusden-zolder-168856","Organization | ContactPoint | AdministrativeArea | WebSite | WebPage | Apartment | PostalAddress | QuantitativeValue | PropertyValue | Offer | RealEstateAgent | FAQPage | Question | Answer | BreadcrumbList | ListItem","","","","","","","","","","","0","0","0","0","0","0","","","NOT_APPLICABLE","","","","","","","","","PASS","","SAME_PATH_READY","","false","","https://www.vastgoedmakelaarzoeken.com"
"/huis-te-koop/voortstraat-36-beringen-167846","woningdetail","PASS","PASS","","1186","1","https://www.vastgoedmakelaarzoeken.be/huis-te-koop/voortstraat-36-beringen-167846","Organization | ContactPoint | AdministrativeArea | WebSite | WebPage | House | PostalAddress | QuantitativeValue | PropertyValue | Offer | RealEstateAgent | FAQPage | Question | Answer | BreadcrumbList | ListItem","","","","","","","","","","","0","0","0","0","0","0","","","NOT_APPLICABLE","","","","","","","","","PASS","","SAME_PATH_READY","","false","","https://www.vastgoedmakelaarzoeken.com"
"/huis-te-koop/patrijzenlaan-5-beringen-167717","woningdetail","PASS","PASS","","1211","1","https://www.vastgoedmakelaarzoeken.be/huis-te-koop/patrijzenlaan-5-beringen-167717","Organization | ContactPoint | AdministrativeArea | WebSite | WebPage | House | PostalAddress | QuantitativeValue | PropertyValue | Offer | RealEstateAgent | FAQPage | Question | Answer | BreadcrumbList | ListItem","","","","","","","","","","","0","0","0","0","0","0","","","NOT_APPLICABLE","","","","","","","","","PASS","","SAME_PATH_READY","","false","","https://www.vastgoedmakelaarzoeken.com"
"/huis-te-koop/eekhoornlaan-50-dilsen-stokkem-166187","woningdetail","PASS","PASS","","1192","1","https://www.vastgoedmakelaarzoeken.be/huis-te-koop/eekhoornlaan-50-dilsen-stokkem-166187","Organization | ContactPoint | AdministrativeArea | WebSite | WebPage | House | PostalAddress | QuantitativeValue | PropertyValue | Offer | RealEstateAgent | FAQPage | Question | Answer | BreadcrumbList | ListItem","","","","","","","","","","","0","0","0","0","0","0","","","NOT_APPLICABLE","","","","","","","","","PASS","","SAME_PATH_READY","","false","","https://www.vastgoedmakelaarzoeken.com"
"/huis-te-koop/dorpsstraat-73-herk-de-stad-167851","woningdetail","PASS","PASS","","1150","1","https://www.vastgoedmakelaarzoeken.be/huis-te-koop/dorpsstraat-73-herk-de-stad-167851","Organization | ContactPoint | AdministrativeArea | WebSite | WebPage | House | PostalAddress | QuantitativeValue | PropertyValue | Offer | RealEstateAgent | FAQPage | Question | Answer | BreadcrumbList | ListItem","","","","","","","","","","","0","0","0","9","0","0","0","6","NOT_APPLICABLE","","","","","","","","","PASS","","SAME_PATH_READY","","false","","https://www.vastgoedmakelaarzoeken.com"
"/huis-te-koop/herestraat-114-zonhoven-162471","woningdetail","PASS","PASS","","1138","1","https://www.vastgoedmakelaarzoeken.be/huis-te-koop/herestraat-114-zonhoven-162471","Organization | ContactPoint | AdministrativeArea | WebSite | WebPage | House | PostalAddress | QuantitativeValue | PropertyValue | Offer | RealEstateAgent | FAQPage | Question | Answer | BreadcrumbList | ListItem","","","","","","","","","","","0","0","0","0","0","0","","","NOT_APPLICABLE","","","","","","","","","PASS","","SAME_PATH_READY","","false","","https://www.vastgoedmakelaarzoeken.com"
"/huis-te-koop/deurnestraat-84-beringen-166222","woningdetail","PASS","PASS","","1220","1","https://www.vastgoedmakelaarzoeken.be/huis-te-koop/deurnestraat-84-beringen-166222","Organization | ContactPoint | AdministrativeArea | WebSite | WebPage | House | PostalAddress | QuantitativeValue | PropertyValue | Offer | RealEstateAgent | FAQPage | Question | Answer | BreadcrumbList | ListItem","","","","","","","","","","","0","0","0","0","0","0","","","NOT_APPLICABLE","","","","","","","","","PASS","","SAME_PATH_READY","","false","","https://www.vastgoedmakelaarzoeken.com"
"/huis-te-koop/veldstraat-34-beringen-164125","woningdetail","PASS","PASS","","1103","1","https://www.vastgoedmakelaarzoeken.be/huis-te-koop/veldstraat-34-beringen-164125","Organization | ContactPoint | AdministrativeArea | WebSite | WebPage | House | PostalAddress | QuantitativeValue | PropertyValue | Offer | RealEstateAgent | FAQPage | Question | Answer | BreadcrumbList | ListItem","","","","","","","","","","","0","0","0","3","0","0","0","11.67","NOT_APPLICABLE","","","","","","","","","PASS","","SAME_PATH_READY","","false","","https://www.vastgoedmakelaarzoeken.com"
"/appartement-te-koop/singellaan-14-halen-147729","woningdetail","PASS","PASS","","1025","1","https://www.vastgoedmakelaarzoeken.be/appartement-te-koop/singellaan-14-halen-147729","Organization | ContactPoint | AdministrativeArea | WebSite | WebPage | Apartment | PostalAddress | QuantitativeValue | PropertyValue | Offer | RealEstateAgent | FAQPage | Question | Answer | BreadcrumbList | ListItem","","","","","","","","","","","0","0","0","0","0","0","","","NOT_APPLICABLE","","","","","","","","","PASS","","SAME_PATH_READY","","false","","https://www.vastgoedmakelaarzoeken.com"
"/appartement-te-koop/singellaan-14-halen-147725","woningdetail","PASS","PASS","","1021","1","https://www.vastgoedmakelaarzoeken.be/appartement-te-koop/singellaan-14-halen-147725","Organization | ContactPoint | AdministrativeArea | WebSite | WebPage | Apartment | PostalAddress | QuantitativeValue | PropertyValue | Offer | RealEstateAgent | FAQPage | Question | Answer | BreadcrumbList | ListItem","","","","","","","","","","","0","0","0","1","0","0","0","8","NOT_APPLICABLE","","","","","","","","","PASS","","SAME_PATH_READY","","false","","https://www.vastgoedmakelaarzoeken.com"
"/appartement-te-koop/singellaan-14-halen-147730","woningdetail","PASS","PASS","","1021","1","https://www.vastgoedmakelaarzoeken.be/appartement-te-koop/singellaan-14-halen-147730","Organization | ContactPoint | AdministrativeArea | WebSite | WebPage | Apartment | PostalAddress | QuantitativeValue | PropertyValue | Offer | RealEstateAgent | FAQPage | Question | Answer | BreadcrumbList | ListItem","","","","","","","","","","","0","0","0","0","0","0","","","NOT_APPLICABLE","","","","","","","","","PASS","","SAME_PATH_READY","","false","","https://www.vastgoedmakelaarzoeken.com"
"/appartement-te-koop/lakenhallesteeg-1-halen-147667","woningdetail","PASS","PASS","","1067","1","https://www.vastgoedmakelaarzoeken.be/appartement-te-koop/lakenhallesteeg-1-halen-147667","Organization | ContactPoint | AdministrativeArea | WebSite | WebPage | Apartment | PostalAddress | QuantitativeValue | PropertyValue | Offer | RealEstateAgent | FAQPage | Question | Answer | BreadcrumbList | ListItem","","","","","","","","","","","0","0","0","0","0","0","","","NOT_APPLICABLE","","","","","","","","","PASS","","SAME_PATH_READY","","false","","https://www.vastgoedmakelaarzoeken.com"
"/appartement-te-koop/lakenhallesteeg-1-halen-147665","woningdetail","PASS","PASS","","1066","1","https://www.vastgoedmakelaarzoeken.be/appartement-te-koop/lakenhallesteeg-1-halen-147665","Organization | ContactPoint | AdministrativeArea | WebSite | WebPage | Apartment | PostalAddress | QuantitativeValue | PropertyValue | Offer | RealEstateAgent | FAQPage | Question | Answer | BreadcrumbList | ListItem","","","","","","","","","","","0","0","0","0","0","0","","","NOT_APPLICABLE","","","","","","","","","PASS","","SAME_PATH_READY","","false","","https://www.vastgoedmakelaarzoeken.com"
"/huis-te-koop/korpse-straat-59-herk-de-stad-164431","woningdetail","PASS","PASS","","1189","1","https://www.vastgoedmakelaarzoeken.be/huis-te-koop/korpse-straat-59-herk-de-stad-164431","Organization | ContactPoint | AdministrativeArea | WebSite | WebPage | House | PostalAddress | QuantitativeValue | PropertyValue | Offer | RealEstateAgent | FAQPage | Question | Answer | BreadcrumbList | ListItem","","","","","","","","","","","0","0","0","0","0","0","","","NOT_APPLICABLE","","","","","","","","","PASS","","SAME_PATH_READY","","false","","https://www.vastgoedmakelaarzoeken.com"
"/huis-te-koop/markt-17-herk-de-stad-158528","woningdetail","PASS","PASS","","1118","1","https://www.vastgoedmakelaarzoeken.be/huis-te-koop/markt-17-herk-de-stad-158528","Organization | ContactPoint | AdministrativeArea | WebSite | WebPage | House | PostalAddress | QuantitativeValue | PropertyValue | Offer | RealEstateAgent | FAQPage | Question | Answer | BreadcrumbList | ListItem","","","","","","","","","","","0","0","0","0","0","0","","","NOT_APPLICABLE","","","","","","","","","PASS","","SAME_PATH_READY","","false","","https://www.vastgoedmakelaarzoeken.com"
"/huis-te-koop/daalstraat-22-houthalen-helchteren-164540","woningdetail","PASS","PASS","","1097","1","https://www.vastgoedmakelaarzoeken.be/huis-te-koop/daalstraat-22-houthalen-helchteren-164540","Organization | ContactPoint | AdministrativeArea | WebSite | WebPage | House | PostalAddress | QuantitativeValue | PropertyValue | Offer | RealEstateAgent | FAQPage | Question | Answer | BreadcrumbList | ListItem","","","","","","","","","","","0","0","0","0","0","0","","","NOT_APPLICABLE","","","","","","","","","PASS","","SAME_PATH_READY","","false","","https://www.vastgoedmakelaarzoeken.com"
"/huis-te-koop/pastorijstraat-66-lummen-165685","woningdetail","PASS","PASS","","1208","1","https://www.vastgoedmakelaarzoeken.be/huis-te-koop/pastorijstraat-66-lummen-165685","Organization | ContactPoint | AdministrativeArea | WebSite | WebPage | House | PostalAddress | QuantitativeValue | PropertyValue | Offer | RealEstateAgent | FAQPage | Question | Answer | BreadcrumbList | ListItem","","","","","","","","","","","0","0","0","3","0","0","0","6.669999999999999","NOT_APPLICABLE","","","","","","","","","PASS","","SAME_PATH_READY","","false","","https://www.vastgoedmakelaarzoeken.com"
"/huis-te-koop/prinsenbos-49-tessenderlo-164013","woningdetail","PASS","PASS","","1095","1","https://www.vastgoedmakelaarzoeken.be/huis-te-koop/prinsenbos-49-tessenderlo-164013","Organization | ContactPoint | AdministrativeArea | WebSite | WebPage | House | PostalAddress | QuantitativeValue | PropertyValue | Offer | RealEstateAgent | FAQPage | Question | Answer | BreadcrumbList | ListItem","","","","","","","","","","","0","0","0","0","0","0","","","NOT_APPLICABLE","","","","","","","","","PASS","","SAME_PATH_READY","","false","","https://www.vastgoedmakelaarzoeken.com"
"/huis-te-koop/welvaartstraat-4-kortenaken-147439","woningdetail","PASS","PASS","","1076","1","https://www.vastgoedmakelaarzoeken.be/huis-te-koop/welvaartstraat-4-kortenaken-147439","Organization | ContactPoint | AdministrativeArea | WebSite | WebPage | House | PostalAddress | QuantitativeValue | PropertyValue | Offer | RealEstateAgent | FAQPage | Question | Answer | BreadcrumbList | ListItem","","","","","","","","","","","0","0","0","0","0","0","","","NOT_APPLICABLE","","","","","","","","","PASS","","SAME_PATH_READY","","false","","https://www.vastgoedmakelaarzoeken.com"
"/huis-te-koop/stokskesstraat-28-tielt-winge-166216","woningdetail","PASS","PASS","","1077","1","https://www.vastgoedmakelaarzoeken.be/huis-te-koop/stokskesstraat-28-tielt-winge-166216","Organization | ContactPoint | AdministrativeArea | WebSite | WebPage | House | PostalAddress | QuantitativeValue | PropertyValue | Offer | RealEstateAgent | FAQPage | Question | Answer | BreadcrumbList | ListItem","","","","","","","","","","","0","0","0","0","0","0","","","NOT_APPLICABLE","","","","","","","","","PASS","","SAME_PATH_READY","","false","","https://www.vastgoedmakelaarzoeken.com"
